request_id,user_id,request_date,request_type,resolved,channel
1,64,2023-11-25,Account Block,True,Chatbot
2,62,2021-01-22,Password Reset,False,Chatbot
3,397,2019-09-22,Card Issue,False,App
4,140,2022-04-07,Card Issue,False,App
5,246,2020-10-06,Password Reset,True,Chatbot
6,72,2020-08-10,Other,False,App
7,157,2022-08-04,Card Issue,False,App
8,206,2021-01-15,Card Issue,False,Branch
9,231,2024-12-04,Card Issue,True,App
10,418,2020-02-09,Account Block,False,App
11,219,2020-08-24,Password Reset,False,App
12,17,2021-11-05,Password Reset,False,Chatbot
13,181,2020-03-26,Card Issue,True,App
14,102,2024-11-24,Password Reset,False,App
15,290,2019-06-29,Other,True,App
16,226,2019-04-22,Password Reset,True,Branch
17,290,2024-09-18,Card Issue,True,Branch
18,357,2021-12-06,Other,True,App
19,106,2023-12-03,Password Reset,False,Branch
20,239,2023-06-20,Password Reset,True,App
21,180,2023-05-11,Password Reset,True,Branch
22,83,2024-06-20,Other,False,Branch
23,106,2020-01-07,Other,False,Chatbot
24,41,2022-08-03,Card Issue,False,Branch
25,318,2018-10-11,Card Issue,False,App
26,473,2024-04-24,Card Issue,False,Branch
27,223,2019-12-25,Account Block,False,App
28,386,2019-05-29,Card Issue,False,Branch
29,114,2022-07-25,Card Issue,False,Chatbot
30,406,2020-03-10,Card Issue,True,App
31,292,2019-10-19,Account Block,True,Branch
32,484,2018-03-07,Card Issue,False,Branch
33,231,2023-04-16,Card Issue,True,Branch
34,452,2023-10-17,Card Issue,False,App
35,9,2023-06-24,Account Block,True,Chatbot
36,25,2020-07-30,Card Issue,False,Chatbot
37,310,2023-05-07,Other,True,Branch
38,343,2023-02-11,Card Issue,True,Chatbot
39,81,2018-06-01,Password Reset,True,Branch
40,229,2022-03-22,Account Block,True,Branch
41,89,2020-04-10,Password Reset,False,Chatbot
42,246,2020-05-14,Card Issue,False,Branch
43,179,2024-12-25,Account Block,False,Branch
44,364,2022-06-24,Other,False,App
45,242,2019-08-12,Account Block,True,Chatbot
46,126,2024-08-15,Password Reset,True,App
47,143,2023-02-03,Other,False,App
48,476,2018-11-05,Password Reset,True,Branch
49,313,2021-08-11,Account Block,True,Chatbot
50,73,2020-12-04,Card Issue,True,Chatbot
51,399,2018-03-07,Password Reset,True,Branch
52,443,2023-02-09,Other,False,App
53,443,2022-08-09,Card Issue,False,Chatbot
54,170,2024-11-08,Card Issue,False,Chatbot
55,285,2024-09-28,Other,True,Branch
56,313,2018-06-24,Account Block,True,App
57,362,2019-01-11,Card Issue,False,Chatbot
58,133,2020-12-19,Card Issue,False,App
59,114,2024-07-22,Password Reset,True,Chatbot
60,479,2018-10-08,Card Issue,True,Chatbot
61,152,2023-04-21,Account Block,True,App
62,81,2018-03-29,Account Block,True,Chatbot
63,100,2022-01-30,Card Issue,False,App
64,94,2024-07-13,Card Issue,False,Chatbot
65,336,2019-02-07,Password Reset,True,App
66,119,2020-01-09,Other,False,Branch
67,380,2020-06-27,Other,True,Chatbot
68,283,2023-06-29,Card Issue,True,Branch
69,441,2022-06-22,Card Issue,False,Branch
70,492,2024-01-10,Password Reset,True,Branch
71,46,2022-04-10,Other,False,App
72,33,2018-06-25,Other,False,Chatbot
73,20,2023-05-06,Card Issue,True,App
74,30,2018-04-26,Account Block,True,Branch
75,407,2022-10-19,Card Issue,True,Chatbot
76,83,2021-06-25,Card Issue,False,App
77,174,2024-01-09,Account Block,False,App
78,374,2022-02-18,Account Block,True,Chatbot
79,69,2021-06-18,Account Block,True,Chatbot
80,70,2020-05-27,Password Reset,True,App
81,206,2018-03-02,Password Reset,True,Chatbot
82,450,2018-04-03,Password Reset,True,Chatbot
83,113,2023-02-20,Account Block,False,App
84,240,2020-05-27,Other,True,Branch
85,355,2018-06-15,Password Reset,False,App
86,187,2021-08-24,Password Reset,False,App
87,73,2018-09-14,Other,False,App
88,128,2022-02-20,Password Reset,True,App
89,329,2023-09-02,Card Issue,True,Chatbot
90,41,2018-03-24,Account Block,True,Branch
91,298,2022-11-09,Card Issue,False,Chatbot
92,121,2022-09-01,Password Reset,True,App
93,367,2023-05-23,Account Block,True,Chatbot
94,277,2022-10-02,Card Issue,False,Chatbot
95,485,2020-07-01,Password Reset,True,App
96,368,2023-10-12,Account Block,True,Branch
97,409,2024-08-13,Account Block,False,Chatbot
98,452,2021-01-14,Card Issue,True,App
99,417,2023-05-24,Other,False,Branch
100,453,2023-05-31,Other,True,App
101,329,2020-02-09,Other,False,App
102,212,2019-06-12,Password Reset,True,App
103,26,2020-01-15,Other,False,Branch
104,278,2019-08-19,Account Block,False,Chatbot
105,404,2022-06-30,Other,True,App
106,259,2018-03-18,Password Reset,True,Chatbot
107,163,2018-07-13,Password Reset,False,App
108,202,2020-03-27,Card Issue,False,Branch
109,372,2024-12-20,Account Block,True,App
110,128,2020-12-08,Account Block,False,Branch
111,394,2021-09-06,Password Reset,True,Chatbot
112,67,2021-11-08,Password Reset,True,Chatbot
113,62,2019-05-24,Other,True,Chatbot
114,357,2024-10-14,Card Issue,False,Branch
115,315,2023-03-26,Password Reset,True,App
116,438,2022-01-05,Password Reset,False,App
117,356,2021-09-26,Password Reset,True,Branch
118,78,2020-10-08,Card Issue,True,Branch
119,498,2020-08-09,Card Issue,False,Chatbot
120,307,2024-03-26,Card Issue,True,App
121,53,2019-03-17,Account Block,True,Chatbot
122,464,2022-10-30,Other,False,Branch
123,131,2018-05-25,Account Block,True,Branch
124,233,2022-09-04,Account Block,True,Chatbot
125,185,2018-08-27,Card Issue,True,Chatbot
126,58,2022-01-16,Other,True,App
127,348,2019-05-26,Card Issue,False,Branch
128,451,2018-07-27,Other,True,Chatbot
129,379,2023-05-29,Password Reset,True,Chatbot
130,500,2021-04-25,Card Issue,False,App
131,227,2018-05-17,Password Reset,False,Branch
132,431,2019-06-10,Other,False,Chatbot
133,139,2022-05-23,Other,True,Chatbot
134,6,2018-02-04,Card Issue,False,Branch
135,351,2019-01-19,Card Issue,True,Branch
136,393,2019-03-03,Card Issue,True,Branch
137,230,2024-08-08,Other,False,Branch
138,360,2021-09-23,Account Block,False,App
139,325,2023-02-05,Account Block,True,Branch
140,380,2024-02-10,Card Issue,False,Chatbot
141,138,2021-03-20,Account Block,False,App
142,243,2021-12-25,Card Issue,True,Chatbot
143,467,2022-08-17,Card Issue,True,Chatbot
144,215,2021-06-03,Password Reset,False,App
145,278,2023-12-28,Password Reset,True,Branch
146,69,2022-12-30,Password Reset,False,Branch
147,372,2021-11-30,Account Block,True,Branch
148,147,2021-02-10,Password Reset,True,App
149,474,2023-04-03,Other,True,Chatbot
150,78,2023-04-12,Card Issue,False,Branch
151,359,2020-06-01,Other,True,App
152,126,2018-04-04,Other,True,Branch
153,210,2024-10-18,Account Block,False,Branch
154,392,2023-09-21,Account Block,True,App
155,194,2018-10-14,Password Reset,False,Branch
156,133,2019-03-12,Password Reset,False,Chatbot
157,100,2019-06-22,Account Block,True,Chatbot
158,336,2019-12-13,Password Reset,True,App
159,294,2021-10-22,Account Block,True,Chatbot
160,420,2023-07-30,Password Reset,True,Chatbot
161,49,2020-02-24,Account Block,True,App
162,384,2022-07-07,Card Issue,True,Branch
163,191,2020-06-29,Account Block,False,Branch
164,214,2018-12-23,Other,False,App
165,458,2019-01-03,Password Reset,True,Branch
166,57,2021-09-23,Card Issue,False,Branch
167,276,2020-06-12,Password Reset,False,App
168,157,2020-01-01,Account Block,True,Chatbot
169,407,2020-06-28,Other,True,Branch
170,476,2023-05-03,Other,False,Branch
171,269,2021-05-09,Other,True,App
172,267,2020-01-04,Card Issue,False,Branch
173,206,2024-09-18,Card Issue,False,Branch
174,160,2022-10-12,Password Reset,False,Branch
175,67,2019-01-28,Account Block,False,Branch
176,93,2021-10-10,Password Reset,True,Branch
177,477,2019-06-16,Other,True,Chatbot
178,39,2023-06-24,Account Block,True,Chatbot
179,157,2021-06-19,Password Reset,True,App
180,84,2020-06-08,Card Issue,True,Chatbot
181,145,2022-09-15,Other,True,Chatbot
182,242,2021-07-29,Other,True,App
183,302,2020-02-27,Card Issue,True,Branch
184,83,2022-11-15,Account Block,True,Branch
185,282,2019-08-12,Password Reset,True,Chatbot
186,449,2023-12-25,Other,False,App
187,11,2018-07-17,Account Block,True,Chatbot
188,3,2024-12-10,Card Issue,True,Branch
189,83,2022-04-05,Card Issue,True,Branch
190,203,2019-06-24,Account Block,True,Chatbot
191,165,2024-12-15,Password Reset,False,Chatbot
192,139,2020-11-01,Account Block,True,Branch
193,364,2024-03-09,Password Reset,False,Branch
194,353,2018-04-04,Account Block,False,Branch
195,88,2019-09-26,Password Reset,True,App
196,204,2021-02-25,Other,True,App
197,388,2021-02-08,Other,True,Chatbot
198,91,2023-11-28,Account Block,False,Branch
199,405,2021-04-07,Account Block,True,App
200,209,2019-01-30,Password Reset,False,Branch
201,59,2023-10-10,Other,True,App
202,233,2024-11-11,Password Reset,True,App
203,283,2021-12-19,Card Issue,True,Chatbot
204,499,2018-01-24,Password Reset,True,Chatbot
205,340,2021-04-18,Account Block,True,Chatbot
206,368,2021-05-24,Account Block,True,Branch
207,277,2019-09-16,Account Block,False,Chatbot
208,237,2018-09-12,Password Reset,False,App
209,363,2023-12-13,Password Reset,False,App
210,253,2020-06-04,Other,True,Branch
211,23,2022-09-23,Other,False,Branch
212,86,2024-06-30,Password Reset,True,Branch
213,417,2018-04-18,Card Issue,True,Chatbot
214,319,2022-08-03,Account Block,False,Branch
215,228,2020-05-06,Other,True,App
216,471,2018-01-18,Password Reset,False,Branch
217,215,2022-04-13,Account Block,False,App
218,339,2019-06-28,Other,True,Branch
219,346,2022-05-25,Password Reset,True,Branch
220,201,2020-06-10,Other,False,Branch
221,489,2018-04-04,Other,False,Chatbot
222,314,2024-12-19,Card Issue,True,Chatbot
223,166,2018-02-11,Other,True,App
224,316,2023-08-01,Account Block,False,App
225,115,2024-12-03,Card Issue,False,Branch
226,326,2022-08-01,Password Reset,False,Branch
227,153,2018-04-05,Account Block,True,App
228,138,2022-08-26,Other,True,Branch
229,211,2020-05-29,Other,False,Chatbot
230,392,2021-11-19,Other,False,App
231,12,2024-08-29,Password Reset,False,App
232,352,2019-07-13,Other,False,Branch
233,181,2023-12-18,Card Issue,False,App
234,39,2018-06-23,Account Block,False,Chatbot
235,211,2022-06-30,Other,True,App
236,430,2021-07-22,Other,False,Chatbot
237,205,2024-04-17,Password Reset,False,App
238,398,2020-04-19,Password Reset,False,App
239,162,2024-07-13,Password Reset,True,Branch
240,328,2022-10-23,Other,True,App
241,495,2022-06-19,Account Block,True,Chatbot
242,84,2021-04-21,Other,True,App
243,21,2024-05-03,Other,False,App
244,284,2018-06-05,Password Reset,True,Branch
245,92,2023-12-15,Card Issue,False,App
246,267,2019-03-07,Password Reset,True,Chatbot
247,285,2024-05-21,Account Block,True,App
248,248,2022-09-02,Card Issue,True,Branch
249,305,2018-09-01,Other,False,Branch
250,55,2019-10-16,Card Issue,False,Chatbot
251,8,2023-02-22,Account Block,False,App
252,469,2022-09-02,Password Reset,True,Chatbot
253,109,2024-05-06,Password Reset,False,Branch
254,200,2023-04-04,Other,True,Branch
255,455,2019-11-30,Card Issue,True,Chatbot
256,467,2021-08-01,Card Issue,False,App
257,50,2023-11-16,Card Issue,True,App
258,278,2022-11-18,Card Issue,False,App
259,292,2021-12-17,Password Reset,False,Branch
260,468,2022-05-28,Password Reset,True,Branch
261,242,2018-08-29,Account Block,False,Branch
262,412,2024-09-22,Password Reset,True,Chatbot
263,324,2019-10-18,Account Block,False,App
264,455,2022-12-19,Password Reset,True,Chatbot
265,139,2023-05-01,Card Issue,False,App
266,68,2024-09-30,Password Reset,False,App
267,141,2023-11-27,Card Issue,False,Branch
268,463,2022-01-07,Other,False,Chatbot
269,155,2018-01-03,Password Reset,False,Chatbot
270,404,2021-10-19,Account Block,True,App
271,467,2019-07-29,Card Issue,False,App
272,71,2023-05-11,Card Issue,False,Chatbot
273,95,2024-09-20,Account Block,True,Branch
274,5,2020-09-17,Card Issue,True,Chatbot
275,478,2021-06-19,Card Issue,False,Chatbot
276,133,2024-03-24,Other,False,App
277,462,2018-10-06,Other,False,Branch
278,148,2022-01-13,Card Issue,False,Branch
279,115,2022-03-18,Other,False,Chatbot
280,50,2019-07-18,Account Block,True,App
281,4,2022-11-28,Other,True,Chatbot
282,148,2019-10-29,Card Issue,False,Chatbot
283,53,2022-05-02,Account Block,True,Chatbot
284,380,2018-09-15,Account Block,False,Chatbot
285,338,2021-04-16,Account Block,True,Chatbot
286,476,2023-08-29,Other,True,Branch
287,74,2019-10-31,Other,False,Chatbot
288,218,2021-08-16,Card Issue,True,Branch
289,178,2020-05-05,Card Issue,False,Branch
290,167,2022-03-05,Account Block,True,Branch
291,343,2021-10-25,Card Issue,True,Branch
292,431,2021-09-08,Card Issue,True,Branch
293,440,2018-09-20,Card Issue,True,App
294,60,2018-05-24,Card Issue,False,App
295,315,2024-12-12,Password Reset,False,Chatbot
296,29,2023-01-09,Card Issue,True,Branch
297,437,2022-08-17,Password Reset,False,App
298,307,2023-11-20,Password Reset,False,App
299,233,2021-05-17,Card Issue,False,App
300,118,2020-03-24,Card Issue,True,App
301,396,2019-05-30,Account Block,False,App
302,448,2022-09-27,Card Issue,True,App
303,61,2024-11-19,Card Issue,False,Branch
304,413,2021-07-17,Other,True,App
305,149,2022-09-18,Account Block,True,App
306,119,2018-08-17,Other,True,Chatbot
307,100,2021-05-23,Password Reset,True,App
308,43,2019-10-12,Password Reset,True,Chatbot
309,423,2023-05-01,Account Block,False,Chatbot
310,263,2019-04-13,Other,True,Branch
311,35,2019-05-11,Card Issue,True,App
312,279,2018-02-09,Other,True,Chatbot
313,147,2024-08-12,Other,True,App
314,351,2020-05-03,Password Reset,False,Chatbot
315,63,2020-07-13,Other,False,App
316,168,2019-05-26,Account Block,False,Branch
317,116,2021-10-05,Other,True,Chatbot
318,263,2018-03-08,Password Reset,False,App
319,352,2018-06-11,Other,True,App
320,143,2021-01-29,Other,False,Chatbot
321,377,2024-04-30,Other,False,Branch
322,194,2022-12-02,Account Block,False,Branch
323,478,2022-07-13,Password Reset,False,Chatbot
324,108,2024-12-18,Other,True,Branch
325,310,2020-05-18,Card Issue,False,Branch
326,407,2018-09-05,Other,False,App
327,27,2023-03-12,Password Reset,True,Chatbot
328,25,2020-11-06,Card Issue,False,Chatbot
329,296,2022-07-22,Password Reset,True,Branch
330,363,2019-03-04,Card Issue,True,Chatbot
331,361,2020-11-19,Password Reset,False,Branch
332,268,2018-02-08,Card Issue,False,Chatbot
333,334,2022-05-06,Card Issue,False,App
334,377,2018-08-04,Card Issue,False,Branch
335,190,2024-01-02,Other,True,Branch
336,467,2024-08-04,Card Issue,False,App
337,326,2023-09-06,Card Issue,True,Branch
338,380,2022-10-02,Password Reset,True,Chatbot
339,74,2020-09-01,Password Reset,False,Branch
340,299,2019-05-30,Other,True,Chatbot
341,154,2018-07-25,Account Block,False,Chatbot
342,237,2020-05-14,Password Reset,False,Branch
343,271,2020-01-11,Card Issue,False,App
344,416,2024-11-11,Password Reset,False,Chatbot
345,218,2018-09-29,Other,True,Branch
346,201,2019-07-28,Password Reset,True,Chatbot
347,372,2018-07-01,Account Block,True,Chatbot
348,271,2018-12-25,Card Issue,False,Branch
349,59,2019-03-13,Password Reset,True,Branch
350,252,2023-04-03,Password Reset,False,App
351,296,2021-07-12,Password Reset,True,Branch
352,408,2022-08-20,Account Block,True,App
353,240,2019-01-23,Password Reset,False,App
354,76,2023-11-30,Other,False,Branch
355,107,2018-09-10,Account Block,False,Chatbot
356,322,2021-03-22,Card Issue,True,Branch
357,238,2023-08-30,Password Reset,False,Chatbot
358,65,2018-06-24,Other,True,Branch
359,382,2023-01-23,Password Reset,True,Branch
360,124,2019-12-13,Password Reset,True,Chatbot
361,491,2018-01-14,Account Block,False,App
362,69,2024-08-15,Card Issue,False,Chatbot
363,125,2020-07-28,Other,True,Branch
364,31,2020-09-20,Card Issue,True,Branch
365,368,2018-11-18,Password Reset,True,App
366,168,2022-01-11,Password Reset,True,App
367,109,2022-10-28,Other,True,App
368,36,2024-10-03,Card Issue,False,Chatbot
369,195,2018-03-03,Other,True,App
370,41,2023-06-01,Account Block,False,Branch
371,369,2024-04-30,Other,True,Chatbot
372,181,2020-12-17,Account Block,True,Branch
373,4,2022-01-24,Card Issue,False,App
374,47,2022-07-10,Card Issue,False,App
375,341,2022-09-05,Account Block,True,Branch
376,172,2018-11-25,Other,False,Chatbot
377,300,2022-08-28,Other,True,App
378,178,2021-05-24,Password Reset,True,App
379,149,2022-04-07,Account Block,False,Branch
380,315,2022-08-24,Password Reset,True,Branch
381,467,2021-04-16,Account Block,False,App
382,94,2024-02-23,Other,True,Chatbot
383,279,2019-06-04,Other,False,App
384,3,2024-05-20,Card Issue,True,App
385,91,2021-07-13,Password Reset,False,App
386,132,2022-05-24,Password Reset,False,Chatbot
387,18,2023-08-24,Password Reset,False,App
388,325,2018-06-01,Account Block,False,Branch
389,447,2023-05-29,Card Issue,False,App
390,22,2019-07-29,Card Issue,True,Chatbot
391,97,2018-03-17,Password Reset,True,App
392,110,2023-01-30,Password Reset,False,Chatbot
393,250,2022-03-23,Other,True,App
394,69,2021-09-24,Password Reset,False,Branch
395,133,2024-08-02,Card Issue,False,Chatbot
396,271,2018-08-05,Account Block,False,Chatbot
397,475,2019-04-07,Password Reset,False,Branch
398,409,2023-03-18,Password Reset,False,App
399,206,2023-10-22,Card Issue,True,Branch
400,89,2018-09-10,Account Block,False,Branch
401,261,2019-09-12,Other,False,App
402,387,2018-11-27,Card Issue,True,Branch
403,122,2021-08-19,Card Issue,False,Chatbot
404,434,2024-04-23,Other,True,App
405,137,2024-09-06,Account Block,True,Branch
406,496,2023-12-15,Other,True,Chatbot
407,388,2023-10-14,Other,False,Branch
408,393,2018-11-05,Password Reset,True,App
409,485,2024-02-10,Account Block,True,Branch
410,253,2022-06-16,Account Block,False,App
411,334,2021-03-15,Card Issue,True,Branch
412,120,2018-10-25,Account Block,False,App
413,390,2019-12-18,Other,False,Chatbot
414,425,2021-10-01,Card Issue,True,Chatbot
415,368,2020-05-21,Password Reset,True,Branch
416,468,2020-11-08,Password Reset,False,Chatbot
417,263,2024-01-23,Other,True,Chatbot
418,280,2022-07-22,Account Block,False,Chatbot
419,179,2018-07-02,Card Issue,True,Chatbot
420,474,2018-07-24,Card Issue,True,Branch
421,434,2018-03-28,Account Block,True,Chatbot
422,313,2022-12-12,Password Reset,False,App
423,237,2022-08-10,Account Block,True,App
424,389,2024-05-14,Card Issue,True,Chatbot
425,29,2019-07-23,Other,False,Chatbot
426,290,2019-06-11,Account Block,True,App
427,191,2023-07-18,Account Block,True,Chatbot
428,319,2024-06-06,Other,False,Chatbot
429,489,2019-09-16,Account Block,True,App
430,279,2023-05-30,Other,True,Branch
431,374,2021-12-23,Other,True,Branch
432,200,2022-02-23,Card Issue,False,Chatbot
433,94,2019-07-11,Account Block,False,Chatbot
434,254,2019-07-05,Card Issue,True,Chatbot
435,149,2021-05-15,Password Reset,False,Branch
436,331,2024-11-28,Account Block,True,App
437,52,2019-05-04,Password Reset,True,Chatbot
438,99,2023-08-04,Card Issue,False,Branch
439,221,2021-09-17,Password Reset,False,Chatbot
440,26,2024-08-27,Other,True,Chatbot
441,280,2024-04-09,Other,False,Branch
442,335,2019-12-14,Account Block,True,Chatbot
443,399,2018-12-12,Password Reset,True,Branch
444,172,2019-12-14,Account Block,False,App
445,370,2021-03-16,Account Block,True,Branch
446,185,2022-09-21,Account Block,False,Branch
447,299,2024-01-16,Password Reset,True,App
448,239,2021-05-15,Other,False,Chatbot
449,31,2020-06-25,Password Reset,False,Chatbot
450,70,2020-09-02,Card Issue,True,Chatbot
451,409,2018-03-01,Other,True,Branch
452,237,2021-07-06,Password Reset,True,Chatbot
453,336,2023-12-06,Other,True,Chatbot
454,48,2022-06-04,Password Reset,True,Branch
455,417,2019-12-06,Other,True,Branch
456,261,2024-10-11,Other,True,Branch
457,200,2022-02-25,Other,True,Chatbot
458,62,2020-03-12,Password Reset,False,App
459,446,2022-03-19,Card Issue,False,Chatbot
460,254,2022-07-12,Password Reset,True,Branch
461,414,2020-12-28,Password Reset,False,Chatbot
462,233,2023-09-06,Card Issue,False,Chatbot
463,209,2024-07-06,Password Reset,True,Chatbot
464,389,2020-07-31,Card Issue,False,Chatbot
465,95,2022-09-01,Card Issue,True,Chatbot
466,332,2024-08-21,Other,True,Chatbot
467,176,2024-11-24,Account Block,True,Branch
468,139,2019-10-25,Password Reset,True,Branch
469,468,2021-04-24,Password Reset,False,App
470,380,2018-06-14,Other,False,Chatbot
471,193,2018-07-06,Password Reset,True,Branch
472,94,2022-10-29,Other,False,App
473,49,2023-11-19,Account Block,True,App
474,210,2019-11-12,Password Reset,False,Branch
475,419,2020-06-30,Card Issue,True,Branch
476,69,2023-07-06,Card Issue,False,Branch
477,184,2022-07-02,Card Issue,True,App
478,19,2020-12-19,Account Block,True,Chatbot
479,295,2024-05-26,Password Reset,False,Branch
480,298,2019-10-23,Password Reset,True,App
481,277,2023-12-21,Other,False,Branch
482,311,2024-12-09,Other,False,App
483,285,2023-05-05,Other,False,Chatbot
484,110,2024-10-06,Other,False,Chatbot
485,465,2024-12-30,Password Reset,False,App
486,234,2023-01-07,Card Issue,True,Branch
487,384,2018-06-11,Account Block,False,Branch
488,286,2018-06-13,Password Reset,True,Branch
489,17,2024-04-03,Other,False,Branch
490,434,2020-12-14,Account Block,True,App
491,154,2024-12-21,Password Reset,True,App
492,293,2024-04-11,Account Block,False,Branch
493,493,2020-11-12,Account Block,True,App
494,118,2024-05-31,Card Issue,False,Branch
495,224,2020-12-23,Card Issue,False,Chatbot
496,259,2021-11-21,Account Block,True,Chatbot
497,294,2018-08-21,Other,False,App
498,222,2024-08-22,Account Block,True,Branch
499,439,2023-02-10,Password Reset,True,Chatbot
500,86,2023-11-02,Account Block,False,Branch
501,481,2023-10-05,Account Block,True,App
502,463,2020-05-22,Card Issue,True,Chatbot
503,390,2024-07-07,Account Block,True,Chatbot
504,11,2019-10-16,Password Reset,False,Chatbot
505,407,2018-03-20,Card Issue,False,App
506,123,2019-08-11,Password Reset,True,Chatbot
507,265,2022-02-19,Password Reset,True,App
508,61,2022-12-30,Other,True,Chatbot
509,297,2019-03-31,Password Reset,False,Branch
510,386,2019-09-11,Account Block,True,Chatbot
511,351,2019-02-08,Other,True,App
512,380,2022-06-22,Other,True,App
513,5,2018-08-08,Card Issue,False,Branch
514,432,2024-06-25,Password Reset,False,App
515,133,2021-09-07,Other,True,Chatbot
516,26,2024-09-19,Password Reset,False,Branch
517,113,2021-02-06,Account Block,False,Chatbot
518,456,2023-06-30,Password Reset,True,App
519,43,2018-10-29,Password Reset,True,App
520,48,2021-02-07,Card Issue,False,App
521,257,2020-12-17,Account Block,False,Chatbot
522,499,2019-09-02,Password Reset,True,Branch
523,134,2019-06-02,Password Reset,True,App
524,105,2018-01-05,Card Issue,True,App
525,212,2021-07-31,Other,True,App
526,165,2024-02-27,Other,False,App
527,298,2020-05-15,Card Issue,False,App
528,227,2022-02-18,Account Block,True,Chatbot
529,30,2021-05-28,Account Block,False,Branch
530,370,2022-08-03,Password Reset,True,Branch
531,395,2018-12-23,Password Reset,True,Chatbot
532,335,2022-08-29,Account Block,False,Branch
533,473,2022-06-15,Card Issue,True,Chatbot
534,493,2018-01-16,Other,True,Chatbot
535,272,2019-12-26,Card Issue,True,App
536,135,2019-02-06,Card Issue,True,App
537,117,2020-06-09,Card Issue,True,App
538,160,2023-01-26,Account Block,True,App
539,233,2022-12-27,Password Reset,True,App
540,45,2020-07-29,Account Block,True,Branch
541,487,2019-09-06,Account Block,False,Chatbot
542,282,2022-09-01,Password Reset,False,Chatbot
543,322,2023-04-01,Account Block,False,App
544,290,2018-07-01,Password Reset,False,Branch
545,444,2021-07-04,Other,True,Chatbot
546,32,2023-07-18,Other,True,Chatbot
547,29,2021-10-30,Card Issue,False,App
548,13,2020-12-02,Password Reset,True,Chatbot
549,288,2023-02-12,Account Block,True,App
550,45,2022-08-12,Password Reset,True,Branch
551,451,2019-11-14,Account Block,True,Chatbot
552,291,2021-09-25,Other,True,App
553,46,2022-09-26,Account Block,True,Branch
554,464,2018-06-07,Card Issue,False,Chatbot
555,255,2020-11-11,Other,False,App
556,115,2019-03-20,Card Issue,False,App
557,372,2021-06-19,Password Reset,False,Branch
558,91,2021-05-07,Account Block,False,App
559,113,2020-07-25,Card Issue,False,Chatbot
560,55,2020-11-28,Password Reset,False,Chatbot
561,4,2024-02-07,Card Issue,False,Branch
562,381,2022-09-17,Account Block,False,App
563,433,2020-04-30,Account Block,False,Chatbot
564,180,2019-05-09,Other,True,App
565,210,2022-09-29,Account Block,True,App
566,388,2024-09-15,Password Reset,True,App
567,343,2021-11-14,Account Block,False,App
568,2,2023-02-01,Other,False,Branch
569,415,2020-08-13,Other,False,Branch
570,401,2023-12-11,Other,True,Chatbot
571,142,2019-09-20,Password Reset,False,App
572,437,2020-05-14,Other,False,Branch
573,151,2021-02-28,Other,False,Chatbot
574,340,2020-03-29,Account Block,True,Branch
575,107,2021-11-19,Card Issue,True,Chatbot
576,212,2018-07-07,Password Reset,False,Branch
577,290,2022-03-17,Other,False,Chatbot
578,65,2018-02-02,Account Block,False,App
579,416,2022-01-18,Account Block,False,Chatbot
580,158,2018-11-24,Other,False,Branch
581,79,2024-11-01,Password Reset,True,Chatbot
582,173,2023-04-20,Other,False,Branch
583,378,2022-08-21,Card Issue,True,App
584,132,2022-02-05,Account Block,True,App
585,338,2020-02-21,Card Issue,False,Branch
586,420,2023-03-19,Password Reset,True,Chatbot
587,344,2019-01-03,Other,True,Branch
588,282,2022-01-16,Password Reset,True,App
589,128,2022-09-27,Password Reset,False,Chatbot
590,158,2022-08-13,Account Block,False,Branch
591,301,2019-08-10,Card Issue,True,Branch
592,34,2020-02-07,Card Issue,False,Branch
593,12,2020-07-24,Other,False,App
594,444,2019-06-08,Password Reset,False,Chatbot
595,419,2022-05-10,Password Reset,True,Chatbot
596,47,2019-01-03,Account Block,False,App
597,101,2024-05-27,Card Issue,True,Branch
598,96,2018-04-20,Account Block,True,Chatbot
599,363,2022-03-23,Other,True,App
600,313,2023-06-23,Other,True,Chatbot
601,255,2022-03-28,Account Block,True,Branch
602,374,2021-12-08,Other,True,Chatbot
603,104,2024-04-04,Account Block,True,Branch
604,104,2022-10-23,Password Reset,False,Branch
605,424,2018-04-08,Password Reset,True,Chatbot
606,414,2018-09-18,Card Issue,True,Chatbot
607,108,2022-10-18,Card Issue,False,Chatbot
608,124,2020-04-23,Password Reset,False,Branch
609,51,2018-03-31,Other,False,Chatbot
610,400,2021-10-10,Password Reset,False,Chatbot
611,390,2024-08-07,Card Issue,True,Branch
612,260,2021-10-01,Card Issue,True,Branch
613,332,2023-12-17,Card Issue,False,Branch
614,169,2019-12-21,Card Issue,True,Branch
615,62,2023-11-05,Password Reset,True,App
616,175,2020-05-29,Account Block,False,Branch
617,85,2022-01-17,Password Reset,True,App
618,473,2021-08-25,Account Block,False,Branch
619,382,2024-07-05,Password Reset,False,Chatbot
620,400,2024-04-24,Other,True,Branch
621,117,2024-03-19,Other,True,App
622,55,2019-03-11,Other,True,Branch
623,354,2023-09-12,Password Reset,False,Chatbot
624,67,2019-11-12,Account Block,False,App
625,247,2020-05-18,Other,True,Branch
626,102,2021-03-07,Other,False,Chatbot
627,21,2018-01-29,Other,False,Branch
628,443,2024-07-02,Password Reset,True,Chatbot
629,409,2024-05-13,Card Issue,True,Branch
630,371,2021-07-04,Card Issue,False,App
631,444,2021-09-26,Password Reset,True,Chatbot
632,334,2019-05-16,Card Issue,False,Chatbot
633,409,2019-02-18,Account Block,True,App
634,494,2022-12-06,Account Block,True,Chatbot
635,201,2023-02-14,Password Reset,False,Branch
636,343,2021-07-16,Other,False,App
637,133,2018-05-01,Other,False,Chatbot
638,200,2023-12-11,Other,False,Chatbot
639,224,2021-11-14,Password Reset,True,Branch
640,436,2021-10-26,Card Issue,True,Chatbot
641,165,2020-04-02,Password Reset,True,App
642,459,2023-09-05,Card Issue,True,App
643,38,2023-12-02,Password Reset,False,Chatbot
644,112,2022-01-02,Account Block,False,Chatbot
645,482,2022-02-06,Card Issue,True,App
646,435,2023-10-24,Account Block,True,Branch
647,276,2020-03-08,Account Block,True,App
648,278,2024-03-10,Card Issue,True,Chatbot
649,13,2018-12-26,Password Reset,False,Chatbot
650,379,2022-09-29,Other,True,Chatbot
651,162,2018-01-21,Account Block,True,Chatbot
652,52,2020-12-19,Card Issue,True,App
653,244,2022-01-31,Card Issue,False,Branch
654,149,2020-12-24,Other,True,Chatbot
655,342,2022-08-30,Card Issue,True,App
656,282,2024-02-26,Password Reset,True,Chatbot
657,167,2019-07-01,Password Reset,True,App
658,467,2023-01-04,Other,False,App
659,394,2023-07-01,Account Block,False,Branch
660,420,2020-04-24,Other,True,App
661,242,2022-01-19,Account Block,False,App
662,382,2022-12-20,Password Reset,True,Branch
663,395,2020-10-21,Password Reset,False,App
664,169,2022-09-06,Password Reset,True,Chatbot
665,304,2022-05-11,Card Issue,False,Branch
666,51,2021-08-23,Card Issue,False,App
667,80,2024-11-30,Other,True,Branch
668,416,2023-11-25,Other,True,Chatbot
669,376,2020-03-11,Other,True,Chatbot
670,152,2019-03-22,Card Issue,False,Branch
671,432,2023-10-03,Card Issue,False,App
672,396,2020-04-23,Other,False,Chatbot
673,19,2020-04-12,Card Issue,True,App
674,53,2018-07-11,Password Reset,False,Chatbot
675,32,2022-02-20,Other,True,App
676,197,2024-06-19,Card Issue,False,Branch
677,329,2023-02-17,Account Block,False,Branch
678,371,2019-08-16,Password Reset,True,Chatbot
679,250,2021-10-20,Card Issue,False,Chatbot
680,272,2021-05-06,Password Reset,True,App
681,152,2019-02-27,Password Reset,False,Branch
682,434,2022-02-06,Card Issue,False,Branch
683,93,2018-12-03,Other,True,Chatbot
684,289,2018-06-30,Account Block,False,App
685,395,2021-09-22,Other,False,Chatbot
686,458,2019-01-23,Other,True,Branch
687,265,2021-10-20,Card Issue,True,App
688,214,2019-11-10,Other,False,Chatbot
689,6,2024-11-18,Other,False,Branch
690,106,2024-03-23,Account Block,False,Chatbot
691,441,2022-03-15,Account Block,False,Chatbot
692,373,2022-09-01,Other,False,App
693,355,2022-06-15,Account Block,False,Branch
694,65,2021-08-24,Account Block,False,Branch
695,259,2024-01-14,Other,True,App
696,459,2023-03-30,Password Reset,False,Branch
697,471,2024-01-30,Other,True,Chatbot
698,30,2018-05-29,Card Issue,False,Chatbot
699,133,2021-06-27,Password Reset,False,Chatbot
700,352,2024-12-28,Account Block,False,Chatbot
701,296,2022-04-17,Other,True,App
702,306,2024-10-26,Other,False,App
703,398,2020-08-14,Password Reset,False,Chatbot
704,350,2018-05-12,Card Issue,False,App
705,30,2022-05-02,Other,False,App
706,364,2019-05-24,Card Issue,False,App
707,82,2022-09-05,Other,True,Branch
708,361,2024-07-09,Password Reset,True,Branch
709,133,2018-12-05,Account Block,True,App
710,108,2021-10-03,Other,True,App
711,374,2020-02-25,Account Block,True,Chatbot
712,362,2020-09-07,Account Block,True,Branch
713,76,2020-05-18,Other,True,Chatbot
714,390,2022-09-14,Password Reset,False,App
715,334,2023-09-30,Other,False,Branch
716,62,2024-11-22,Other,True,App
717,85,2023-05-30,Password Reset,False,Chatbot
718,316,2018-10-18,Card Issue,True,App
719,138,2024-10-25,Other,True,Chatbot
720,192,2023-08-22,Account Block,True,App
721,490,2024-07-25,Password Reset,True,Branch
722,439,2020-11-09,Account Block,True,Chatbot
723,461,2018-12-05,Account Block,False,Branch
724,407,2018-12-27,Password Reset,True,App
725,95,2019-06-20,Other,False,App
726,425,2022-11-23,Password Reset,True,App
727,280,2021-07-31,Password Reset,True,App
728,238,2019-06-21,Password Reset,True,Chatbot
729,205,2021-10-16,Account Block,False,Chatbot
730,455,2018-05-23,Card Issue,True,Chatbot
731,150,2019-03-15,Account Block,True,Chatbot
732,212,2018-01-30,Other,True,App
733,470,2021-12-21,Card Issue,False,Branch
734,115,2019-06-10,Password Reset,False,Chatbot
735,289,2021-09-17,Card Issue,False,App
736,124,2018-07-04,Password Reset,True,Branch
737,17,2022-11-25,Other,False,App
738,32,2024-10-14,Account Block,False,Branch
739,374,2023-04-13,Card Issue,True,Branch
740,310,2018-04-18,Account Block,True,Chatbot
741,237,2021-04-05,Account Block,False,Chatbot
742,277,2020-09-27,Password Reset,True,Branch
743,61,2022-12-06,Other,True,App
744,334,2020-05-07,Password Reset,False,Branch
745,419,2020-09-01,Other,True,Chatbot
746,426,2018-05-13,Other,False,App
747,203,2019-03-16,Card Issue,True,App
748,442,2019-01-01,Account Block,False,App
749,106,2024-11-04,Other,False,Branch
750,384,2021-01-30,Card Issue,True,App
751,371,2023-05-24,Password Reset,False,App
752,418,2018-08-27,Password Reset,False,Branch
753,254,2018-07-17,Card Issue,False,Chatbot
754,87,2019-05-08,Password Reset,True,Branch
755,367,2021-05-02,Password Reset,True,Branch
756,24,2021-06-06,Account Block,True,Chatbot
757,463,2019-03-30,Card Issue,False,Chatbot
758,318,2021-11-06,Password Reset,False,App
759,278,2019-09-17,Password Reset,True,Chatbot
760,461,2023-10-21,Account Block,False,Chatbot
761,127,2022-09-22,Account Block,True,Chatbot
762,491,2019-08-10,Account Block,True,App
763,35,2021-04-27,Password Reset,True,App
764,464,2018-06-09,Card Issue,False,Chatbot
765,59,2024-07-01,Account Block,False,App
766,169,2021-07-21,Password Reset,True,App
767,298,2021-01-25,Card Issue,True,Branch
768,100,2024-02-04,Account Block,True,Chatbot
769,151,2019-09-23,Account Block,False,Chatbot
770,304,2019-11-17,Other,True,Chatbot
771,416,2022-01-25,Password Reset,False,Branch
772,383,2024-04-24,Account Block,True,Chatbot
773,426,2023-07-25,Card Issue,False,Chatbot
774,83,2018-06-17,Password Reset,False,App
775,385,2023-06-13,Other,False,Branch
776,308,2022-09-02,Account Block,True,Chatbot
777,74,2019-05-05,Account Block,False,App
778,102,2021-08-25,Password Reset,False,App
779,159,2021-05-14,Card Issue,False,Chatbot
780,34,2020-01-02,Password Reset,False,Chatbot
781,305,2021-03-23,Card Issue,True,Branch
782,105,2024-05-19,Other,False,Branch
783,408,2018-03-25,Password Reset,True,Chatbot
784,203,2024-09-19,Other,True,Branch
785,118,2024-02-18,Password Reset,False,App
786,119,2019-04-02,Other,True,App
787,438,2019-03-02,Card Issue,False,App
788,78,2020-05-18,Other,False,App
789,53,2020-05-05,Account Block,True,Branch
790,218,2023-05-21,Password Reset,False,Chatbot
791,14,2024-02-16,Password Reset,True,Branch
792,380,2024-08-11,Card Issue,False,Chatbot
793,139,2020-01-16,Password Reset,True,Chatbot
794,362,2022-12-24,Password Reset,True,App
795,354,2018-07-11,Account Block,False,App
796,6,2021-02-13,Card Issue,True,App
797,108,2020-04-08,Account Block,True,Branch
798,328,2019-12-04,Password Reset,False,Chatbot
799,342,2019-02-18,Password Reset,False,App
800,470,2018-10-02,Other,True,App
801,239,2021-05-06,Account Block,False,Branch
802,380,2023-11-01,Card Issue,True,Chatbot
803,498,2022-04-11,Password Reset,True,Branch
804,420,2019-12-14,Card Issue,False,Branch
805,478,2021-05-29,Password Reset,True,Branch
806,475,2021-02-03,Password Reset,False,Branch
807,248,2023-04-19,Other,True,App
808,253,2024-07-17,Other,True,Chatbot
809,451,2024-12-04,Account Block,True,Branch
810,302,2021-06-25,Other,False,Chatbot
811,184,2019-06-19,Password Reset,True,App
812,240,2018-12-02,Card Issue,False,App
813,30,2022-09-21,Card Issue,False,Branch
814,270,2018-07-18,Account Block,True,App
815,359,2020-05-11,Other,False,Chatbot
816,208,2019-04-27,Account Block,True,Branch
817,261,2022-12-20,Card Issue,False,App
818,65,2018-02-20,Account Block,False,App
819,474,2023-02-23,Account Block,False,Branch
820,192,2022-07-17,Password Reset,False,Chatbot
821,285,2019-01-06,Account Block,True,Chatbot
822,446,2020-01-20,Card Issue,True,Chatbot
823,274,2018-10-24,Account Block,False,Branch
824,408,2020-02-11,Other,True,App
825,229,2019-02-11,Account Block,False,Chatbot
826,302,2024-02-22,Card Issue,True,Branch
827,7,2019-10-03,Password Reset,True,Chatbot
828,126,2022-11-16,Card Issue,True,App
829,292,2018-08-08,Account Block,True,Chatbot
830,311,2018-03-28,Other,False,Chatbot
831,426,2019-08-01,Other,True,Chatbot
832,210,2022-01-29,Other,True,App
833,471,2019-10-24,Card Issue,True,Branch
834,185,2018-11-10,Other,True,Chatbot
835,35,2021-11-14,Other,False,Branch
836,21,2023-08-12,Password Reset,True,Branch
837,39,2019-10-30,Password Reset,True,Branch
838,113,2020-03-04,Account Block,False,Chatbot
839,276,2023-09-17,Account Block,True,Chatbot
840,153,2018-09-09,Other,True,Chatbot
841,487,2021-04-26,Account Block,False,Chatbot
842,356,2021-12-14,Password Reset,False,Chatbot
843,478,2024-03-19,Account Block,False,App
844,338,2020-08-28,Password Reset,False,App
845,144,2018-11-05,Other,True,Branch
846,384,2020-05-16,Other,True,App
847,500,2024-10-06,Other,True,App
848,145,2024-02-10,Account Block,False,Chatbot
849,8,2024-09-08,Card Issue,True,App
850,89,2020-03-14,Account Block,False,App
851,47,2019-05-16,Other,False,Branch
852,76,2022-06-09,Account Block,True,Chatbot
853,445,2018-04-04,Account Block,False,Chatbot
854,7,2020-05-20,Card Issue,False,Branch
855,48,2023-04-27,Other,False,Chatbot
856,481,2021-02-07,Account Block,True,App
857,179,2021-01-09,Card Issue,False,Chatbot
858,469,2020-07-11,Account Block,False,Chatbot
859,238,2024-12-28,Other,False,Branch
860,186,2024-02-21,Other,False,Chatbot
861,217,2024-02-10,Account Block,False,Branch
862,150,2020-09-29,Account Block,True,App
863,451,2020-01-02,Other,True,App
864,168,2019-04-02,Card Issue,True,Branch
865,282,2021-09-14,Other,True,Chatbot
866,428,2020-08-22,Other,True,Chatbot
867,154,2022-08-28,Account Block,True,Chatbot
868,147,2020-02-23,Account Block,False,App
869,137,2021-08-04,Card Issue,True,App
870,87,2019-08-12,Account Block,False,App
871,220,2019-11-16,Card Issue,True,Branch
872,422,2019-11-28,Other,False,App
873,292,2019-05-08,Password Reset,True,App
874,448,2021-07-11,Card Issue,False,Branch
875,116,2022-04-07,Other,True,App
876,287,2021-12-18,Password Reset,False,Branch
877,240,2024-10-22,Account Block,True,Branch
878,223,2019-11-12,Card Issue,True,Branch
879,7,2020-12-09,Password Reset,False,Chatbot
880,257,2022-07-18,Card Issue,False,App
881,380,2021-10-15,Card Issue,True,Chatbot
882,201,2023-10-28,Card Issue,True,App
883,400,2023-01-18,Password Reset,True,Branch
884,400,2019-10-27,Account Block,False,Branch
885,40,2021-01-10,Card Issue,False,Chatbot
886,157,2023-05-22,Other,False,Branch
887,49,2024-09-23,Card Issue,True,App
888,259,2021-07-31,Card Issue,False,Chatbot
889,235,2024-07-11,Password Reset,False,Branch
890,193,2023-01-06,Password Reset,False,Branch
891,494,2018-02-20,Card Issue,False,App
892,459,2021-08-13,Other,False,Chatbot
893,348,2024-03-13,Other,True,App
894,284,2019-11-18,Password Reset,False,Branch
895,153,2022-10-29,Password Reset,False,Branch
896,383,2023-08-02,Password Reset,True,Chatbot
897,232,2024-01-08,Other,True,Branch
898,432,2020-01-28,Password Reset,True,Branch
899,158,2021-06-26,Card Issue,True,Branch
900,233,2018-08-31,Other,True,App
901,500,2022-07-05,Account Block,False,App
902,386,2024-11-15,Other,True,App
903,461,2020-02-24,Password Reset,True,Branch
904,127,2023-10-07,Other,False,App
905,304,2024-05-03,Account Block,True,Chatbot
906,203,2019-05-20,Other,False,Branch
907,109,2018-12-03,Password Reset,False,App
908,359,2020-07-07,Password Reset,True,Chatbot
909,377,2021-04-22,Account Block,False,App
910,455,2022-09-17,Other,False,Chatbot
911,315,2020-07-18,Password Reset,False,Branch
912,332,2022-09-20,Other,False,Chatbot
913,258,2023-09-30,Card Issue,True,App
914,242,2019-12-07,Account Block,False,Chatbot
915,156,2019-06-20,Account Block,False,App
916,13,2020-04-24,Card Issue,False,Chatbot
917,433,2022-07-30,Card Issue,True,Chatbot
918,425,2018-12-01,Password Reset,False,Chatbot
919,135,2024-09-04,Other,True,Branch
920,443,2023-04-11,Other,False,Chatbot
921,209,2020-12-17,Other,True,Chatbot
922,430,2024-08-25,Password Reset,True,App
923,391,2022-07-12,Account Block,True,App
924,99,2023-03-01,Account Block,True,Branch
925,291,2020-11-15,Account Block,False,Chatbot
926,288,2020-04-23,Account Block,False,Branch
927,166,2021-03-11,Account Block,True,App
928,47,2019-05-25,Other,True,Branch
929,217,2021-07-17,Card Issue,False,Chatbot
930,208,2023-03-20,Card Issue,True,Chatbot
931,106,2021-05-24,Account Block,True,Branch
932,395,2021-12-19,Account Block,False,App
933,352,2019-09-08,Password Reset,True,App
934,184,2018-06-04,Other,False,Chatbot
935,195,2018-04-01,Account Block,True,Branch
936,175,2022-07-15,Other,True,Chatbot
937,189,2019-07-19,Card Issue,True,App
938,119,2019-07-16,Card Issue,True,Chatbot
939,358,2018-08-18,Account Block,True,App
940,372,2020-08-07,Password Reset,False,App
941,258,2020-08-18,Password Reset,False,Branch
942,193,2021-12-09,Card Issue,True,Branch
943,59,2021-08-26,Card Issue,True,Chatbot
944,195,2021-09-08,Card Issue,True,Branch
945,262,2018-07-10,Password Reset,False,Chatbot
946,103,2021-06-05,Other,True,Chatbot
947,244,2022-06-18,Password Reset,True,App
948,323,2024-10-29,Card Issue,True,App
949,451,2022-07-22,Password Reset,True,Chatbot
950,263,2022-07-28,Password Reset,True,App
951,82,2023-02-07,Other,True,Branch
952,85,2022-09-30,Other,True,Branch
953,446,2019-12-15,Card Issue,False,Branch
954,168,2019-11-17,Password Reset,True,App
955,76,2019-04-26,Card Issue,True,Branch
956,332,2022-04-09,Other,False,Chatbot
957,39,2023-03-09,Other,True,App
958,480,2023-11-17,Password Reset,False,Chatbot
959,88,2022-08-05,Other,False,App
960,68,2022-08-21,Password Reset,True,Branch
961,69,2020-05-15,Password Reset,True,Branch
962,62,2020-05-23,Other,True,Branch
963,388,2024-04-01,Account Block,False,Chatbot
964,345,2018-05-25,Card Issue,False,App
965,112,2020-09-05,Card Issue,False,Branch
966,334,2023-09-07,Account Block,False,App
967,268,2019-08-19,Other,True,Chatbot
968,92,2019-04-25,Password Reset,False,Branch
969,477,2023-11-23,Account Block,False,Chatbot
970,337,2023-06-04,Card Issue,True,App
971,306,2021-03-21,Password Reset,True,Chatbot
972,490,2023-10-18,Account Block,False,App
973,128,2019-12-16,Password Reset,True,Branch
974,466,2020-01-18,Card Issue,False,App
975,422,2022-04-24,Password Reset,True,Branch
976,193,2020-03-31,Other,True,Chatbot
977,471,2020-10-09,Card Issue,True,App
978,163,2021-06-22,Account Block,False,Chatbot
979,181,2023-06-15,Card Issue,True,Branch
980,392,2022-05-05,Other,False,Branch
981,386,2018-08-06,Password Reset,False,App
982,399,2020-08-28,Card Issue,True,Chatbot
983,448,2019-08-15,Other,False,Branch
984,280,2023-10-22,Account Block,True,App
985,448,2019-02-24,Other,False,Chatbot
986,266,2024-05-03,Card Issue,False,Branch
987,205,2021-10-31,Other,True,Chatbot
988,492,2023-10-27,Account Block,True,App
989,20,2023-12-07,Other,False,App
990,310,2023-10-18,Other,False,Branch
991,38,2023-02-14,Account Block,False,Branch
992,159,2020-11-20,Other,True,Chatbot
993,384,2020-12-20,Password Reset,False,Chatbot
994,310,2022-12-28,Other,True,Chatbot
995,493,2018-01-20,Other,True,Chatbot
996,197,2018-09-08,Other,False,Chatbot
997,495,2020-06-15,Other,False,Chatbot
998,97,2022-08-01,Card Issue,False,Branch
999,303,2020-03-23,Account Block,True,Chatbot
1000,165,2024-05-21,Other,False,Branch
1001,264,2019-05-28,Other,False,App
1002,313,2022-09-17,Account Block,False,App
1003,7,2023-08-22,Card Issue,True,Chatbot
1004,131,2020-12-22,Account Block,True,Branch
1005,486,2021-01-27,Card Issue,True,Chatbot
1006,168,2023-04-22,Account Block,True,Branch
1007,44,2020-04-11,Account Block,True,App
1008,6,2024-10-22,Password Reset,True,Chatbot
1009,149,2023-11-08,Card Issue,True,Branch
1010,338,2018-08-04,Other,False,Chatbot
1011,431,2024-03-27,Password Reset,False,Branch
1012,334,2019-07-29,Account Block,True,App
1013,375,2019-10-24,Password Reset,True,App
1014,61,2019-01-18,Password Reset,True,Branch
1015,416,2019-11-22,Other,False,Chatbot
1016,462,2018-02-13,Other,True,Chatbot
1017,303,2019-02-24,Other,False,Branch
1018,197,2024-11-17,Card Issue,True,Branch
1019,403,2021-04-18,Account Block,False,Chatbot
1020,169,2021-07-15,Account Block,True,Branch
1021,94,2019-02-03,Account Block,False,Chatbot
1022,16,2022-01-19,Other,False,App
1023,312,2018-04-03,Password Reset,False,Branch
1024,464,2021-10-29,Other,True,Branch
1025,482,2020-08-10,Password Reset,False,App
1026,274,2021-06-30,Account Block,True,Chatbot
1027,243,2018-03-30,Card Issue,True,Branch
1028,479,2019-11-04,Password Reset,False,Branch
1029,210,2019-11-19,Other,True,Branch
1030,221,2019-04-15,Card Issue,False,Chatbot
1031,388,2021-04-12,Card Issue,True,App
1032,127,2020-08-26,Card Issue,False,App
1033,62,2018-08-24,Account Block,False,Chatbot
1034,494,2022-07-26,Password Reset,True,App
1035,339,2018-05-12,Card Issue,False,Chatbot
1036,7,2024-10-30,Password Reset,False,App
1037,254,2021-10-31,Account Block,True,Chatbot
1038,255,2023-02-06,Card Issue,True,Chatbot
1039,215,2022-01-06,Password Reset,True,Chatbot
1040,76,2020-10-21,Card Issue,True,Branch
1041,102,2019-09-02,Other,True,Chatbot
1042,236,2018-07-23,Password Reset,True,App
1043,375,2022-08-20,Account Block,False,App
1044,141,2023-04-05,Other,False,Branch
1045,312,2020-08-04,Password Reset,False,App
1046,221,2022-08-29,Password Reset,False,Branch
1047,491,2018-03-17,Other,True,Chatbot
1048,162,2018-02-12,Password Reset,True,Branch
1049,429,2021-11-28,Other,False,App
1050,40,2020-06-30,Password Reset,False,Branch
1051,18,2024-11-19,Card Issue,True,App
1052,356,2021-09-17,Account Block,True,Branch
1053,304,2023-04-03,Card Issue,True,App
1054,181,2018-08-04,Other,True,App
1055,19,2018-04-27,Password Reset,False,Branch
1056,1,2019-02-10,Card Issue,False,Branch
1057,380,2024-06-19,Password Reset,True,App
1058,459,2020-04-23,Other,False,App
1059,368,2019-08-28,Other,False,Chatbot
1060,309,2022-03-14,Password Reset,False,Chatbot
1061,332,2019-05-26,Other,False,Chatbot
1062,26,2024-01-06,Card Issue,True,Branch
1063,126,2020-07-16,Password Reset,False,App
1064,458,2022-02-16,Card Issue,True,Branch
1065,142,2022-10-09,Password Reset,True,Branch
1066,473,2019-08-18,Account Block,True,Chatbot
1067,412,2020-02-21,Password Reset,True,Branch
1068,196,2024-10-03,Other,True,Branch
1069,375,2024-02-01,Password Reset,True,Branch
1070,191,2024-02-13,Other,False,Branch
1071,498,2024-05-14,Password Reset,False,Branch
1072,277,2024-07-08,Password Reset,True,App
1073,165,2023-03-20,Account Block,False,Chatbot
1074,498,2022-11-17,Other,False,Branch
1075,224,2022-02-17,Account Block,True,Branch
1076,122,2020-12-18,Card Issue,False,Chatbot
1077,103,2024-02-11,Password Reset,True,Branch
1078,240,2020-07-31,Card Issue,False,Chatbot
1079,258,2021-10-30,Password Reset,False,App
1080,22,2021-11-03,Other,True,Branch
1081,87,2022-12-23,Password Reset,True,Branch
1082,359,2019-06-30,Password Reset,False,Chatbot
1083,41,2021-04-21,Password Reset,True,Branch
1084,439,2020-09-16,Account Block,False,App
1085,52,2018-07-18,Password Reset,False,Branch
1086,142,2024-10-25,Card Issue,True,App
1087,84,2021-11-15,Other,True,Chatbot
1088,337,2021-05-06,Password Reset,True,Branch
1089,336,2023-12-10,Other,True,App
1090,233,2022-04-29,Account Block,True,Chatbot
1091,161,2019-08-13,Account Block,False,Branch
1092,4,2022-05-18,Other,False,App
1093,187,2018-11-24,Card Issue,False,App
1094,372,2024-01-02,Password Reset,True,Branch
1095,459,2019-03-10,Account Block,True,App
1096,385,2023-03-30,Password Reset,False,App
1097,382,2023-04-16,Password Reset,False,Branch
1098,125,2022-07-24,Card Issue,False,App
1099,412,2018-07-13,Other,False,Chatbot
1100,447,2019-12-02,Other,True,Chatbot
1101,168,2020-05-16,Other,True,App
1102,119,2020-10-24,Password Reset,True,Branch
1103,197,2021-05-15,Password Reset,False,Chatbot
1104,67,2021-03-11,Card Issue,False,Branch
1105,465,2019-05-24,Other,True,Chatbot
1106,465,2020-07-31,Other,False,Chatbot
1107,170,2020-04-14,Password Reset,False,Chatbot
1108,22,2021-04-27,Other,False,Chatbot
1109,223,2018-03-01,Password Reset,False,Chatbot
1110,67,2024-03-14,Password Reset,False,App
1111,429,2019-05-06,Password Reset,True,Chatbot
1112,441,2018-08-04,Account Block,True,Branch
1113,61,2024-02-03,Account Block,True,Branch
1114,122,2019-08-09,Password Reset,True,App
1115,70,2019-03-31,Password Reset,False,App
1116,81,2022-04-30,Account Block,False,App
1117,292,2024-02-02,Other,False,Chatbot
1118,440,2019-04-27,Password Reset,True,App
1119,22,2022-12-20,Password Reset,False,Chatbot
1120,69,2022-12-25,Other,False,App
1121,479,2020-03-24,Card Issue,False,App
1122,416,2024-11-20,Card Issue,True,Chatbot
1123,164,2020-05-12,Card Issue,False,Branch
1124,147,2020-04-18,Card Issue,True,Branch
1125,47,2020-11-15,Password Reset,True,Branch
1126,288,2022-11-27,Password Reset,False,App
1127,323,2020-05-29,Card Issue,True,App
1128,454,2024-03-06,Card Issue,False,App
1129,208,2024-12-15,Account Block,True,Branch
1130,407,2021-09-10,Card Issue,True,Chatbot
1131,253,2020-11-27,Other,True,App
1132,359,2022-06-15,Other,False,Chatbot
1133,121,2019-07-15,Other,True,App
1134,431,2021-06-29,Account Block,False,Branch
1135,217,2020-05-30,Password Reset,False,Chatbot
1136,152,2022-10-20,Other,True,App
1137,462,2022-07-28,Other,True,Chatbot
1138,101,2021-01-07,Card Issue,True,App
1139,259,2018-05-19,Card Issue,True,Chatbot
1140,192,2020-08-17,Account Block,True,Chatbot
1141,226,2023-02-24,Account Block,True,App
1142,255,2021-12-12,Password Reset,False,App
1143,28,2021-07-23,Card Issue,False,Branch
1144,32,2023-11-30,Card Issue,True,Chatbot
1145,131,2022-01-30,Card Issue,True,Chatbot
1146,126,2022-10-28,Card Issue,False,App
1147,291,2019-01-18,Card Issue,True,Branch
1148,193,2024-01-12,Card Issue,False,Chatbot
1149,50,2020-10-13,Card Issue,False,Branch
1150,28,2020-12-10,Card Issue,False,Chatbot
1151,294,2018-04-17,Password Reset,False,App
1152,494,2024-05-01,Card Issue,False,Branch
1153,110,2019-10-08,Other,False,App
1154,454,2018-02-04,Password Reset,True,Chatbot
1155,452,2022-05-09,Card Issue,False,App
1156,322,2019-09-02,Other,False,Branch
1157,489,2022-06-24,Password Reset,False,Branch
1158,240,2020-03-29,Password Reset,True,Chatbot
1159,382,2023-06-06,Other,False,Branch
1160,46,2023-07-20,Card Issue,True,Chatbot
1161,413,2024-03-17,Password Reset,True,Chatbot
1162,14,2024-05-16,Card Issue,False,App
1163,124,2019-05-27,Account Block,True,Chatbot
1164,354,2024-05-06,Other,True,Branch
1165,69,2018-11-11,Account Block,False,App
1166,133,2022-11-30,Password Reset,True,Branch
1167,472,2021-12-12,Account Block,False,Chatbot
1168,391,2019-10-30,Account Block,False,App
1169,193,2019-10-20,Account Block,False,Chatbot
1170,225,2020-09-11,Other,True,Branch
1171,478,2024-11-27,Account Block,True,Branch
1172,274,2022-06-12,Card Issue,True,Chatbot
1173,70,2022-01-05,Account Block,True,Chatbot
1174,295,2020-10-24,Password Reset,False,Branch
1175,1,2018-03-23,Password Reset,False,Branch
1176,97,2024-04-09,Account Block,True,Branch
1177,143,2018-03-01,Card Issue,True,Chatbot
1178,493,2018-11-28,Card Issue,False,Branch
1179,37,2018-06-16,Account Block,True,Branch
1180,248,2023-01-18,Card Issue,False,Chatbot
1181,169,2022-10-23,Card Issue,False,Chatbot
1182,460,2020-04-28,Other,True,App
1183,166,2024-05-02,Other,True,Chatbot
1184,283,2024-07-27,Account Block,True,Chatbot
1185,2,2021-09-24,Other,False,Chatbot
1186,110,2021-07-30,Account Block,True,App
1187,321,2021-01-27,Account Block,True,App
1188,231,2020-04-24,Other,False,Chatbot
1189,105,2022-10-25,Password Reset,False,Branch
1190,260,2023-02-06,Password Reset,False,App
1191,476,2023-11-21,Card Issue,False,Chatbot
1192,474,2018-11-09,Other,True,Chatbot
1193,286,2022-12-06,Card Issue,True,Chatbot
1194,194,2023-04-06,Password Reset,False,Branch
1195,161,2020-08-13,Account Block,False,Chatbot
1196,323,2018-11-21,Card Issue,True,Branch
1197,422,2021-12-25,Password Reset,False,Branch
1198,153,2023-06-04,Password Reset,True,App
1199,139,2021-04-14,Password Reset,False,App
1200,401,2020-01-24,Card Issue,True,App
1201,233,2024-02-11,Other,True,App
1202,292,2019-05-21,Password Reset,False,Chatbot
1203,8,2024-11-17,Password Reset,True,Branch
1204,208,2022-12-16,Account Block,False,Branch
1205,434,2021-12-12,Other,False,App
1206,374,2019-10-07,Password Reset,False,Branch
1207,230,2019-06-20,Card Issue,False,Branch
1208,249,2018-11-08,Account Block,True,Branch
1209,474,2023-04-03,Account Block,False,Branch
1210,295,2018-12-03,Card Issue,True,App
1211,307,2024-01-09,Other,True,Branch
1212,379,2020-07-04,Card Issue,False,Chatbot
1213,444,2023-05-15,Card Issue,True,Chatbot
1214,422,2022-11-29,Other,False,App
1215,111,2020-12-12,Account Block,True,Branch
1216,114,2022-11-19,Card Issue,False,Chatbot
1217,67,2020-11-07,Password Reset,True,Branch
1218,281,2019-10-28,Password Reset,True,App
1219,316,2024-03-27,Card Issue,False,Chatbot
1220,129,2018-09-06,Password Reset,True,Branch
1221,38,2020-03-12,Account Block,False,App
1222,380,2022-11-10,Account Block,True,Chatbot
1223,419,2022-08-15,Card Issue,False,App
1224,89,2024-07-03,Account Block,False,App
1225,367,2018-08-09,Other,False,Chatbot
1226,434,2022-08-09,Account Block,True,Chatbot
1227,231,2021-02-15,Other,True,App
1228,337,2021-10-13,Card Issue,True,App
1229,268,2024-10-04,Password Reset,False,Branch
1230,40,2018-10-25,Account Block,False,Branch
1231,329,2023-12-21,Card Issue,False,App
1232,240,2023-08-22,Card Issue,False,Chatbot
1233,386,2018-10-15,Card Issue,False,Branch
1234,228,2022-07-15,Card Issue,False,Chatbot
1235,453,2019-08-10,Account Block,True,Branch
1236,440,2023-03-19,Other,True,Chatbot
1237,203,2022-08-11,Password Reset,True,Branch
1238,31,2022-10-04,Account Block,False,Chatbot
1239,197,2024-06-28,Other,True,Chatbot
1240,51,2020-03-20,Other,False,App
1241,462,2022-03-19,Card Issue,False,Branch
1242,260,2020-02-28,Other,False,App
1243,256,2021-04-12,Other,False,App
1244,385,2018-08-04,Card Issue,False,App
1245,52,2019-03-09,Account Block,False,App
1246,221,2023-10-05,Card Issue,True,Chatbot
1247,27,2021-06-14,Other,False,App
1248,267,2020-04-13,Other,True,App
1249,350,2020-04-13,Password Reset,False,Chatbot
1250,213,2018-04-08,Other,False,App
1251,167,2019-04-24,Password Reset,True,Chatbot
1252,457,2024-08-30,Card Issue,False,App
1253,36,2018-09-08,Other,False,Chatbot
1254,74,2021-10-15,Account Block,True,Branch
1255,209,2022-03-10,Other,True,Branch
1256,398,2022-09-26,Account Block,False,App
1257,445,2020-11-15,Password Reset,True,App
1258,11,2018-12-24,Account Block,False,Chatbot
1259,24,2022-11-14,Card Issue,False,Chatbot
1260,470,2023-08-18,Account Block,False,Chatbot
1261,89,2024-03-17,Password Reset,False,Branch
1262,25,2023-11-23,Account Block,True,Branch
1263,398,2020-04-21,Card Issue,True,Chatbot
1264,138,2018-09-10,Password Reset,False,Branch
1265,34,2023-04-24,Other,False,Branch
1266,450,2021-06-18,Other,True,App
1267,173,2023-07-29,Account Block,False,Chatbot
1268,108,2019-04-22,Card Issue,False,Branch
1269,139,2024-11-23,Password Reset,False,App
1270,469,2019-07-17,Password Reset,False,Chatbot
1271,182,2024-05-31,Other,False,App
1272,261,2023-06-11,Password Reset,False,App
1273,328,2023-05-25,Account Block,False,Branch
1274,10,2021-12-03,Card Issue,True,Chatbot
1275,337,2023-02-06,Other,True,Chatbot
1276,368,2023-01-17,Card Issue,False,Chatbot
1277,334,2020-04-13,Password Reset,True,Chatbot
1278,182,2018-02-03,Account Block,False,Branch
1279,144,2022-04-19,Password Reset,False,Chatbot
1280,433,2024-01-26,Card Issue,True,Chatbot
1281,117,2019-12-12,Password Reset,False,Branch
1282,236,2022-01-10,Other,False,Branch
1283,224,2024-09-01,Other,False,Branch
1284,188,2018-05-22,Password Reset,False,Chatbot
1285,263,2023-02-08,Other,False,Branch
1286,268,2018-01-05,Account Block,True,Chatbot
1287,257,2024-06-22,Account Block,False,Branch
1288,267,2023-11-11,Other,False,Chatbot
1289,293,2019-02-07,Other,True,Chatbot
1290,332,2023-12-05,Account Block,True,App
1291,16,2022-02-11,Card Issue,False,Branch
1292,319,2021-08-22,Card Issue,True,App
1293,216,2019-05-03,Other,False,Branch
1294,108,2019-08-10,Password Reset,False,Chatbot
1295,359,2018-06-03,Password Reset,False,App
1296,94,2024-11-24,Account Block,True,App
1297,48,2019-02-18,Password Reset,False,Branch
1298,257,2019-10-14,Account Block,False,Chatbot
1299,454,2018-09-01,Other,False,App
1300,289,2021-01-11,Card Issue,False,Branch
1301,281,2023-04-05,Password Reset,False,Chatbot
1302,121,2018-10-10,Account Block,False,Branch
1303,74,2019-03-09,Account Block,False,Chatbot
1304,231,2022-10-20,Password Reset,True,Chatbot
1305,117,2022-06-15,Other,True,Chatbot
1306,363,2021-08-28,Other,False,App
1307,447,2023-11-30,Other,True,Branch
1308,455,2024-01-21,Card Issue,False,App
1309,298,2018-02-22,Card Issue,False,Chatbot
1310,322,2019-10-22,Other,False,App
1311,161,2018-06-13,Card Issue,True,Branch
1312,269,2023-02-12,Password Reset,True,App
1313,384,2019-10-28,Account Block,False,Branch
1314,34,2018-11-12,Card Issue,True,App
1315,253,2024-10-28,Password Reset,False,App
1316,262,2023-05-06,Other,True,App
1317,424,2019-07-18,Account Block,False,Branch
1318,263,2020-08-16,Other,False,Chatbot
1319,269,2019-07-25,Password Reset,True,Chatbot
1320,351,2019-10-09,Other,False,Chatbot
1321,78,2023-06-13,Account Block,False,Branch
1322,56,2019-09-13,Account Block,True,Branch
1323,403,2019-12-27,Password Reset,False,Branch
1324,46,2022-11-25,Password Reset,True,Branch
1325,332,2021-03-16,Other,True,Branch
1326,393,2018-07-17,Account Block,True,Branch
1327,424,2022-10-24,Other,True,App
1328,199,2020-05-17,Password Reset,True,Chatbot
1329,233,2020-04-04,Account Block,True,App
1330,400,2019-08-23,Account Block,True,App
1331,284,2023-10-21,Account Block,True,App
1332,464,2022-06-16,Other,False,Branch
1333,462,2024-06-21,Other,True,Chatbot
1334,366,2021-06-09,Card Issue,True,App
1335,252,2019-12-02,Card Issue,False,Branch
1336,315,2020-10-01,Other,True,Chatbot
1337,174,2020-05-16,Card Issue,False,Chatbot
1338,410,2022-06-07,Other,False,Chatbot
1339,379,2022-08-03,Password Reset,True,Branch
1340,461,2024-12-01,Account Block,True,App
1341,169,2024-01-18,Card Issue,True,Branch
1342,433,2021-12-28,Card Issue,False,Branch
1343,464,2023-03-12,Password Reset,False,Chatbot
1344,330,2020-12-13,Password Reset,False,Branch
1345,309,2020-03-20,Account Block,False,Branch
1346,421,2022-02-25,Card Issue,False,Chatbot
1347,160,2018-05-29,Card Issue,True,Chatbot
1348,498,2021-05-23,Password Reset,False,Chatbot
1349,158,2022-12-06,Other,True,Branch
1350,471,2021-08-12,Password Reset,True,Chatbot
1351,332,2019-03-11,Card Issue,True,Chatbot
1352,206,2019-02-01,Other,True,App
1353,322,2023-05-09,Other,True,Branch
1354,20,2024-08-17,Other,False,Branch
1355,229,2023-05-26,Password Reset,True,Chatbot
1356,328,2018-06-22,Card Issue,False,App
1357,219,2019-06-16,Card Issue,False,App
1358,500,2024-03-19,Other,False,Chatbot
1359,469,2023-02-14,Account Block,False,Branch
1360,439,2019-06-25,Other,False,Chatbot
1361,34,2021-11-21,Other,True,Chatbot
1362,314,2023-03-19,Card Issue,False,Chatbot
1363,389,2023-01-18,Other,True,Chatbot
1364,182,2024-09-11,Other,False,App
1365,362,2020-06-06,Account Block,True,Branch
1366,225,2019-11-16,Account Block,True,Branch
1367,202,2018-03-09,Account Block,True,Chatbot
1368,290,2020-09-22,Password Reset,False,Branch
1369,189,2021-10-15,Card Issue,True,Chatbot
1370,117,2021-07-16,Account Block,False,Chatbot
1371,193,2022-04-22,Card Issue,True,Branch
1372,178,2019-01-31,Card Issue,True,Branch
1373,222,2023-06-15,Other,True,App
1374,467,2023-01-07,Account Block,False,App
1375,407,2021-01-12,Other,False,Branch
1376,131,2023-07-15,Other,True,Branch
1377,63,2019-09-16,Card Issue,False,Branch
1378,146,2018-12-02,Password Reset,False,App
1379,380,2020-08-12,Password Reset,False,Chatbot
1380,227,2021-09-21,Password Reset,False,Chatbot
1381,486,2020-03-10,Account Block,True,Chatbot
1382,263,2022-09-14,Password Reset,False,Branch
1383,283,2020-06-26,Password Reset,False,Chatbot
1384,117,2019-01-09,Card Issue,False,Branch
1385,246,2020-09-12,Other,True,Branch
1386,303,2019-10-14,Card Issue,True,Branch
1387,250,2022-11-21,Other,False,Chatbot
1388,377,2024-05-25,Account Block,True,Branch
1389,208,2022-04-08,Card Issue,True,Chatbot
1390,395,2021-02-06,Password Reset,True,App
1391,493,2023-10-10,Card Issue,True,Branch
1392,372,2020-02-27,Other,True,Chatbot
1393,286,2023-03-11,Account Block,False,App
1394,232,2018-11-12,Other,True,Branch
1395,383,2021-05-31,Other,False,App
1396,223,2019-03-25,Password Reset,True,Chatbot
1397,161,2018-05-12,Other,True,App
1398,90,2024-05-06,Password Reset,True,Chatbot
1399,69,2023-10-21,Account Block,False,Branch
1400,302,2022-11-14,Password Reset,True,Chatbot
1401,372,2019-02-01,Other,False,Branch
1402,114,2019-07-01,Other,False,App
1403,317,2022-10-23,Password Reset,True,App
1404,443,2022-10-12,Other,True,App
1405,77,2024-11-16,Card Issue,False,App
1406,62,2024-06-03,Card Issue,False,Chatbot
1407,316,2020-05-02,Account Block,True,Chatbot
1408,398,2024-03-22,Card Issue,True,App
1409,156,2018-11-03,Other,False,App
1410,452,2021-11-14,Card Issue,True,App
1411,417,2024-09-29,Password Reset,True,Branch
1412,197,2023-06-16,Account Block,False,Chatbot
1413,195,2024-04-11,Account Block,True,Branch
1414,300,2018-10-01,Card Issue,False,Branch
1415,325,2022-08-08,Card Issue,False,Branch
1416,389,2018-12-30,Account Block,True,App
1417,351,2020-04-19,Other,False,App
1418,416,2023-07-02,Password Reset,False,Branch
1419,24,2023-07-27,Password Reset,True,Branch
1420,166,2022-03-22,Password Reset,True,Branch
1421,411,2023-04-10,Card Issue,False,Chatbot
1422,374,2020-02-17,Account Block,False,App
1423,474,2018-08-30,Card Issue,False,App
1424,73,2024-03-25,Account Block,True,Branch
1425,1,2023-08-03,Card Issue,False,Chatbot
1426,490,2023-01-01,Account Block,True,App
1427,474,2021-06-30,Card Issue,False,App
1428,375,2020-11-03,Password Reset,False,Branch
1429,247,2021-06-15,Card Issue,True,Chatbot
1430,184,2021-06-06,Password Reset,True,App
1431,357,2021-07-27,Other,False,Branch
1432,422,2018-12-16,Card Issue,True,Chatbot
1433,69,2020-05-08,Password Reset,False,Chatbot
1434,299,2024-10-22,Card Issue,False,Chatbot
1435,226,2020-07-31,Other,False,App
1436,49,2018-06-28,Account Block,True,Branch
1437,271,2018-12-02,Card Issue,True,Chatbot
1438,52,2020-01-14,Other,True,Chatbot
1439,160,2021-10-07,Account Block,True,App
1440,48,2020-10-06,Password Reset,False,Chatbot
1441,222,2021-04-09,Other,False,Chatbot
1442,324,2022-05-08,Password Reset,True,App
1443,409,2022-12-04,Password Reset,False,Chatbot
1444,24,2019-03-06,Other,False,App
1445,155,2022-10-27,Account Block,False,App
1446,430,2023-12-27,Password Reset,False,Branch
1447,281,2023-07-28,Password Reset,True,App
1448,421,2021-12-04,Account Block,True,Branch
1449,37,2022-03-08,Card Issue,False,Chatbot
1450,362,2019-11-06,Account Block,True,App
1451,18,2018-05-01,Password Reset,True,Chatbot
1452,28,2018-06-26,Account Block,False,App
1453,332,2021-05-24,Card Issue,True,Branch
1454,168,2021-10-07,Account Block,True,App
1455,380,2023-09-18,Password Reset,True,App
1456,404,2020-01-06,Account Block,True,App
1457,210,2023-01-23,Other,True,Chatbot
1458,162,2021-06-08,Password Reset,False,App
1459,379,2019-06-24,Account Block,True,Chatbot
1460,441,2022-05-17,Other,False,Chatbot
1461,106,2020-06-20,Account Block,True,Chatbot
1462,437,2024-02-23,Account Block,False,Chatbot
1463,17,2022-02-25,Card Issue,True,Branch
1464,67,2024-12-08,Account Block,True,Chatbot
1465,191,2023-11-29,Other,True,Branch
1466,15,2018-08-07,Password Reset,True,Chatbot
1467,59,2024-05-19,Account Block,False,Branch
1468,158,2023-08-31,Account Block,True,Branch
1469,52,2020-06-15,Account Block,True,Branch
1470,90,2018-02-23,Card Issue,True,Branch
1471,194,2018-02-01,Password Reset,True,Chatbot
1472,125,2019-12-18,Card Issue,False,App
1473,348,2021-03-09,Card Issue,False,Chatbot
1474,111,2022-01-04,Card Issue,True,Branch
1475,205,2024-10-19,Card Issue,False,Branch
1476,227,2019-03-09,Other,True,Chatbot
1477,136,2018-08-17,Other,False,Chatbot
1478,138,2018-09-10,Account Block,True,Branch
1479,415,2019-10-28,Card Issue,True,App
1480,385,2024-05-17,Other,False,Branch
1481,464,2024-07-06,Account Block,False,Branch
1482,294,2019-12-21,Card Issue,True,Branch
1483,242,2023-08-06,Account Block,False,App
1484,428,2021-09-08,Password Reset,False,Branch
1485,91,2021-10-15,Other,False,App
1486,417,2023-06-27,Card Issue,True,App
1487,250,2024-07-07,Other,True,App
1488,404,2021-12-18,Account Block,True,Branch
1489,470,2019-02-15,Other,False,App
1490,54,2023-04-02,Card Issue,False,App
1491,113,2021-04-24,Account Block,False,Branch
1492,358,2021-07-10,Card Issue,True,App
1493,450,2019-02-09,Other,False,App
1494,223,2018-06-30,Card Issue,True,App
1495,107,2018-06-13,Other,True,Branch
1496,451,2019-03-30,Card Issue,True,Chatbot
1497,149,2019-09-01,Account Block,False,App
1498,473,2023-12-26,Account Block,False,Chatbot
1499,174,2019-06-07,Other,True,Chatbot
1500,329,2020-03-16,Other,False,Chatbot
