user_id,signup_date,age,gender,location,channel
1,2018-02-19,19,Other,Bowersview,Online
2,2021-03-31,33,Male,Joshuaville,Branch
3,2021-09-05,65,Male,Aliciafurt,Branch
4,2021-09-03,55,Female,Johnburgh,Branch
5,2020-01-09,19,Male,East Tonimouth,Branch
6,2019-04-25,32,Other,Nunezberg,Branch
7,2023-02-18,53,Male,Andersonport,Online
8,2021-09-14,32,Female,Lauramouth,Online
9,2019-05-17,69,Male,North Shane,Branch
10,2019-07-15,62,Female,Lake William,Online
11,2020-06-25,35,Male,New Adamberg,Branch
12,2018-09-28,66,Female,Rebeccabury,Branch
13,2023-12-07,23,Female,Doylehaven,Branch
14,2024-02-19,40,Female,Tiffanyhaven,Online
15,2018-03-30,69,Male,Johnshire,Online
16,2018-01-10,52,Male,Lake Hannah,Online
17,2024-04-14,23,Other,East Dustinside,Online
18,2020-12-15,58,Other,Mariaborough,Online
19,2022-12-22,54,Male,South Brian,Branch
20,2019-03-22,20,Other,West Tony,Branch
21,2022-08-07,67,Female,Karafort,Branch
22,2018-11-13,32,Male,Port Kyle,Online
23,2021-03-10,35,Female,Seanfurt,Online
24,2021-08-27,28,Female,Johnside,Online
25,2021-07-15,31,Other,Lake Sharonview,Online
26,2020-11-29,62,Other,Thompsonland,Branch
27,2021-02-05,56,Other,North Katieborough,Branch
28,2023-05-20,52,Other,Jamesshire,Branch
29,2021-12-09,28,Female,Stevensstad,Online
30,2023-05-07,35,Other,Port Morganmouth,Branch
31,2022-06-07,61,Female,Lake Clifford,Branch
32,2022-07-05,32,Male,Port Ericshire,Online
33,2020-10-06,43,Female,Port Elizabeth,Branch
34,2020-06-26,31,Other,Lake Mariaburgh,Online
35,2019-11-23,31,Other,Millerchester,Online
36,2020-05-02,43,Other,South Eric,Online
37,2020-09-14,27,Female,North John,Branch
38,2018-09-10,33,Other,North Ashley,Online
39,2024-10-29,65,Other,Lake Michael,Online
40,2023-10-25,55,Female,Acostastad,Online
41,2023-01-20,32,Male,Sandraport,Online
42,2018-06-28,23,Male,Maychester,Branch
43,2024-09-09,27,Other,North Christophermouth,Branch
44,2019-11-23,68,Other,North Denise,Online
45,2024-02-05,56,Male,Lake Amberbury,Online
46,2019-07-21,42,Other,East Angelabury,Online
47,2024-10-15,51,Female,South Samuelburgh,Branch
48,2024-12-21,61,Other,East Frederick,Branch
49,2018-08-01,61,Other,North Ruthberg,Online
50,2021-10-18,67,Other,South Jasonport,Online
51,2023-12-14,25,Female,Hughesborough,Online
52,2018-01-07,28,Female,Nicoletown,Branch
53,2018-02-12,64,Other,Meganmouth,Online
54,2022-07-07,50,Male,New Devinshire,Branch
55,2021-11-13,58,Female,West Brittanyville,Branch
56,2023-01-09,27,Female,Deborahburgh,Branch
57,2022-11-18,52,Other,Leburgh,Branch
58,2021-02-26,56,Female,Mcleanville,Online
59,2022-04-27,19,Male,Floydfort,Online
60,2020-07-20,69,Female,Lake Nicholasburgh,Branch
61,2019-02-01,21,Male,Whitechester,Branch
62,2023-06-23,23,Other,Taylormouth,Online
63,2022-01-14,70,Male,Joannamouth,Branch
64,2024-09-20,26,Other,Dominiquechester,Online
65,2019-06-19,53,Male,Patelhaven,Online
66,2024-09-20,51,Other,Jamesmouth,Online
67,2020-03-11,31,Other,West Feliciafurt,Branch
68,2019-11-21,63,Female,North Joshuaview,Online
69,2021-08-04,60,Other,Haleymouth,Online
70,2021-01-02,46,Other,New Laura,Online
71,2018-01-09,25,Male,North Richard,Branch
72,2020-06-25,22,Female,New Charlesville,Branch
73,2022-10-05,55,Other,Charlesstad,Branch
74,2023-06-19,55,Male,Ericstad,Branch
75,2018-08-07,22,Other,New Jenniferbury,Branch
76,2024-09-22,32,Male,Margaretfurt,Branch
77,2023-07-26,39,Male,East Lisamouth,Branch
78,2019-04-22,35,Other,Shafferstad,Online
79,2018-09-14,31,Other,Cartershire,Branch
80,2024-01-16,64,Other,North Christopher,Online
81,2021-01-22,33,Female,New Shelly,Online
82,2023-07-27,30,Male,Evansside,Branch
83,2022-04-27,60,Female,East Taylor,Online
84,2023-10-14,45,Female,Amyville,Online
85,2018-09-05,64,Male,New Eric,Branch
86,2024-01-26,21,Female,Grantfort,Online
87,2022-12-19,69,Male,Lake Joseville,Branch
88,2021-05-17,30,Male,New Taylorland,Online
89,2021-09-20,26,Female,Pattonfurt,Branch
90,2022-07-09,35,Female,West Tiffany,Branch
91,2018-09-18,22,Female,Connieville,Branch
92,2019-08-25,21,Other,Whiteberg,Branch
93,2020-01-05,23,Male,Austinville,Branch
94,2023-07-26,44,Female,Port Samantha,Online
95,2018-11-25,31,Female,New Cassandraberg,Branch
96,2022-01-29,28,Female,Richview,Branch
97,2022-06-30,42,Female,Carlsonview,Online
98,2019-04-08,36,Female,Cunninghambury,Online
99,2019-08-05,27,Male,Danielport,Online
100,2020-08-15,31,Male,Stewartborough,Branch
101,2018-09-10,65,Female,West Kimberlyfort,Branch
102,2020-11-10,21,Other,Grayberg,Online
103,2023-04-19,50,Other,South Barbara,Branch
104,2023-08-07,21,Other,East Monicaview,Branch
105,2018-07-23,29,Male,Tylerberg,Branch
106,2022-11-22,61,Male,Lindaberg,Online
107,2018-11-30,25,Other,North Jessicahaven,Branch
108,2018-06-28,55,Other,South Erika,Branch
109,2022-09-28,57,Male,Lake Carrieborough,Online
110,2018-10-17,60,Other,Dennisland,Online
111,2018-05-05,34,Male,Benjaminfurt,Online
112,2020-06-07,33,Female,Gailville,Online
113,2024-01-12,26,Other,North Jonathanton,Online
114,2018-06-02,47,Female,Smithbury,Branch
115,2018-04-23,18,Female,Port Andreashire,Branch
116,2024-11-26,22,Other,Sheltonberg,Branch
117,2018-05-04,50,Female,New Gregory,Branch
118,2024-03-09,40,Male,Lake Jermaine,Branch
119,2021-06-11,41,Female,Lake Victoriafurt,Branch
120,2018-01-11,46,Other,Reynoldsburgh,Online
121,2018-02-21,57,Other,Baileyborough,Branch
122,2024-09-15,60,Other,North Mariefort,Online
123,2020-07-14,60,Male,South William,Branch
124,2023-07-09,34,Male,Benjaminburgh,Branch
125,2021-01-09,65,Other,Johnsonhaven,Branch
126,2018-10-28,35,Female,Jessicafort,Branch
127,2024-02-20,63,Female,Chavezmouth,Branch
128,2020-09-10,61,Other,Reyesfurt,Online
129,2019-04-01,50,Female,Ethanview,Online
130,2021-03-01,21,Male,North Sarafort,Online
131,2023-03-14,35,Male,Delacruzfurt,Branch
132,2024-09-30,39,Male,Port Jessicamouth,Online
133,2020-01-11,28,Other,East Jamesside,Online
134,2020-08-18,53,Other,Taylorburgh,Online
135,2020-02-19,53,Male,Nancyfort,Branch
136,2020-07-27,22,Other,West Debbieshire,Branch
137,2021-09-08,52,Male,Munozfort,Online
138,2018-09-15,55,Other,Woodsmouth,Branch
139,2021-03-02,45,Male,East Jessica,Branch
140,2019-05-24,37,Female,South Ronaldfurt,Branch
141,2023-03-30,40,Male,Port Matthew,Branch
142,2018-10-03,60,Male,East Mary,Online
143,2023-01-11,67,Other,West Paula,Online
144,2021-09-21,57,Other,Lake Michelleton,Branch
145,2018-07-27,33,Male,North Tiffanyton,Branch
146,2022-04-22,44,Male,Morrowhaven,Branch
147,2021-04-03,65,Female,West Austin,Online
148,2023-01-16,69,Other,Jenkinsmouth,Branch
149,2022-12-13,35,Male,North David,Branch
150,2023-10-31,42,Male,Pattersonton,Online
151,2020-02-16,32,Male,Tracyburgh,Online
152,2020-12-30,40,Female,Port Margaretchester,Branch
153,2021-04-27,32,Male,North Thomasshire,Branch
154,2024-10-14,43,Female,Williamsport,Online
155,2018-03-30,22,Female,New Timothyville,Online
156,2021-02-05,59,Other,Kellyfurt,Online
157,2020-04-04,61,Other,North Brendaport,Online
158,2024-09-18,19,Male,Port Stacy,Online
159,2020-07-25,29,Other,West Christophertown,Online
160,2021-02-22,20,Male,North Seth,Online
161,2022-08-09,40,Other,Rachelmouth,Online
162,2020-12-13,45,Other,South Amanda,Branch
163,2024-06-03,42,Other,Robertfort,Branch
164,2018-03-11,34,Male,Espinozaton,Online
165,2020-05-09,18,Other,Jenniferville,Branch
166,2023-11-14,41,Female,Youngton,Branch
167,2023-03-11,60,Female,Port Cynthiaton,Online
168,2021-11-15,60,Male,Brookshaven,Online
169,2022-05-10,50,Female,East Christyside,Online
170,2020-05-24,38,Female,Avilahaven,Online
171,2019-08-04,53,Male,Lake Danaville,Branch
172,2019-12-21,44,Other,Port Harold,Online
173,2022-11-07,61,Other,East Carlchester,Branch
174,2023-09-26,57,Other,East Joshua,Online
175,2021-07-07,43,Other,Malloryfurt,Branch
176,2018-09-05,37,Female,New Charlesland,Branch
177,2024-08-02,45,Other,Michaelland,Online
178,2019-02-25,47,Female,Zimmermanhaven,Online
179,2023-08-15,61,Male,Lake Paul,Online
180,2020-08-21,68,Other,East Christina,Branch
181,2018-11-25,60,Male,East Ericshire,Online
182,2023-05-23,50,Other,Jessicabury,Online
183,2021-12-03,23,Male,Lake Michael,Online
184,2022-10-15,32,Male,Cassidyside,Branch
185,2021-12-04,19,Male,South Dawn,Branch
186,2022-06-11,48,Other,Lake Kimberly,Branch
187,2020-11-08,47,Female,Joelbury,Branch
188,2023-09-02,63,Other,East Kristaland,Online
189,2020-09-25,49,Female,Lake Shawnfurt,Branch
190,2020-10-29,27,Other,Herreraside,Branch
191,2023-03-24,66,Male,East Christopher,Online
192,2023-10-31,32,Male,Jamesmouth,Online
193,2021-11-15,21,Other,East Jennifer,Branch
194,2018-10-30,25,Female,Port Reginald,Branch
195,2022-11-01,69,Female,East Jacquelineland,Online
196,2023-02-08,66,Female,Nicoleland,Online
197,2021-04-08,53,Female,Port Arthurport,Branch
198,2021-09-16,65,Female,Jamesville,Online
199,2022-02-25,34,Male,South Teresaside,Online
200,2018-05-26,67,Other,Fernandezfurt,Online
201,2023-12-20,58,Male,Williamport,Online
202,2020-04-14,46,Male,New Wanda,Online
203,2020-04-22,33,Female,East Belinda,Online
204,2018-11-29,38,Other,Thompsonfort,Branch
205,2018-06-12,26,Male,Kimberlyborough,Branch
206,2021-03-31,42,Other,Samanthabury,Branch
207,2019-06-07,63,Male,Matthewfurt,Branch
208,2020-07-04,44,Female,Robertsshire,Online
209,2018-04-07,52,Female,New Lawrenceland,Online
210,2021-12-02,21,Male,Williamville,Online
211,2024-06-23,42,Other,Galvanland,Branch
212,2024-09-26,66,Other,Port Rickyfurt,Online
213,2022-06-06,48,Male,Johnland,Online
214,2018-07-22,37,Female,Lake Alexandrafort,Online
215,2021-01-07,52,Other,Michelleshire,Branch
216,2021-06-18,49,Male,Burketown,Online
217,2020-04-23,45,Female,Paulbury,Branch
218,2023-01-29,42,Female,Allenstad,Online
219,2020-11-17,64,Male,North Williamville,Online
220,2019-06-06,26,Other,Kurtmouth,Branch
221,2020-06-01,43,Other,Rileybury,Branch
222,2019-02-28,23,Other,Peckfort,Online
223,2018-09-25,26,Female,New Shelleyside,Branch
224,2018-01-05,21,Female,East Karen,Online
225,2019-05-19,38,Male,Port Leroy,Online
226,2021-04-17,38,Female,Lake Robertborough,Online
227,2023-07-19,35,Female,Brianhaven,Online
228,2021-08-18,23,Female,Juarezbury,Branch
229,2022-09-30,65,Other,Jennatown,Branch
230,2018-07-31,40,Male,North Kimberly,Branch
231,2018-08-09,67,Other,Vaughnfurt,Branch
232,2022-05-26,66,Male,Craigport,Branch
233,2020-07-28,30,Male,Kaylaton,Branch
234,2021-03-05,33,Male,Port Melvinborough,Online
235,2022-10-20,60,Male,Alexandershire,Branch
236,2024-06-15,47,Other,East Jamesfurt,Online
237,2021-11-25,67,Female,Kristyland,Branch
238,2020-03-03,56,Other,Melissaville,Branch
239,2018-07-01,67,Male,Lake Reneeberg,Online
240,2024-04-21,24,Other,Nicolechester,Branch
241,2024-04-19,37,Other,Boltonbury,Online
242,2023-10-07,43,Other,Murphymouth,Branch
243,2021-10-23,22,Other,Lake Angela,Branch
244,2023-01-09,24,Other,Port Travischester,Online
245,2021-12-21,61,Other,Garrettton,Branch
246,2020-02-20,68,Other,Lambertton,Branch
247,2021-06-29,40,Other,East Robertville,Online
248,2019-12-02,60,Female,Sandovalfurt,Branch
249,2023-12-30,50,Other,Kevinchester,Online
250,2022-05-19,18,Female,Martinezfurt,Online
251,2019-12-25,24,Female,Evansshire,Online
252,2023-12-19,58,Female,South Sara,Branch
253,2023-10-01,45,Male,Ryanview,Online
254,2024-02-03,57,Other,East Kevinton,Online
255,2024-08-15,47,Female,Michaelton,Online
256,2018-07-13,38,Male,North Drew,Branch
257,2023-07-31,35,Female,Port Christopherville,Branch
258,2020-01-27,66,Female,North Kimberlybury,Online
259,2021-04-30,39,Male,Port Andrew,Online
260,2023-12-05,38,Male,Natalieborough,Online
261,2021-08-23,31,Female,South Jacob,Online
262,2019-05-27,39,Female,Port Richard,Online
263,2022-07-22,53,Male,Cookfort,Branch
264,2021-12-21,23,Male,Brandonstad,Online
265,2021-06-14,49,Other,West Danielstad,Branch
266,2023-08-13,62,Female,Christineton,Online
267,2020-05-06,46,Male,Christopherbury,Branch
268,2021-11-18,36,Male,South Jonathanstad,Online
269,2023-10-14,62,Male,Port Julie,Online
270,2019-05-21,60,Other,Lewisstad,Online
271,2020-06-07,48,Other,Garciaport,Online
272,2020-01-30,45,Other,North Staceyville,Online
273,2018-06-02,40,Other,Bennettfurt,Online
274,2023-02-14,35,Female,Washingtontown,Online
275,2021-09-24,32,Male,Chadshire,Branch
276,2021-10-03,38,Male,New Kathrynstad,Branch
277,2022-11-28,30,Male,Port Sarahshire,Online
278,2023-06-19,35,Other,Michaelshire,Online
279,2022-07-12,24,Male,Dorisview,Online
280,2020-08-25,32,Female,Austinchester,Branch
281,2022-05-08,37,Male,New Gregory,Branch
282,2022-06-10,35,Male,West Lauren,Branch
283,2023-10-14,53,Female,Pinedatown,Branch
284,2019-10-28,58,Female,Port William,Branch
285,2021-08-24,18,Other,Alvarezside,Online
286,2021-10-31,48,Female,Mirandatown,Online
287,2019-06-11,39,Male,Brianmouth,Branch
288,2023-11-07,34,Female,North Bryanfurt,Branch
289,2018-08-20,70,Male,Mcguireshire,Online
290,2018-03-15,49,Male,Hernandezberg,Branch
291,2023-10-03,27,Male,Brownside,Online
292,2023-02-17,23,Male,Stewarttown,Branch
293,2022-12-05,53,Female,Lake Kelsey,Branch
294,2024-07-01,67,Other,South Jaime,Online
295,2023-09-08,46,Female,Debramouth,Online
296,2024-02-28,55,Female,Terriburgh,Online
297,2021-10-09,54,Other,New Nathanville,Branch
298,2018-12-28,57,Other,New Diamond,Branch
299,2020-02-28,66,Male,Eddiebury,Branch
300,2020-06-19,34,Other,Port Jeffery,Branch
301,2022-01-31,28,Male,Smithtown,Branch
302,2019-06-03,53,Male,Jenkinstown,Branch
303,2018-01-24,18,Female,Brandyview,Online
304,2018-07-04,62,Other,South Patriciaport,Online
305,2022-01-20,36,Male,Woodside,Branch
306,2021-02-16,36,Other,East Kayla,Online
307,2024-07-23,62,Female,Henryview,Branch
308,2018-07-10,61,Male,Thompsonview,Online
309,2023-10-05,68,Other,New Terri,Branch
310,2020-05-22,45,Male,Port Thomas,Branch
311,2018-09-18,59,Male,Port Christophershire,Online
312,2022-03-18,70,Male,Morganmouth,Branch
313,2021-04-14,21,Male,East Alexistown,Online
314,2021-06-18,56,Other,West Mitchellhaven,Online
315,2021-08-03,46,Male,South Matthew,Online
316,2019-11-02,62,Female,Stevensberg,Online
317,2018-09-03,35,Other,Schultzchester,Online
318,2024-03-06,46,Male,Reynoldston,Branch
319,2023-11-04,45,Other,Port Jaime,Online
320,2022-07-28,56,Female,North Leslie,Branch
321,2020-09-10,23,Male,New Heather,Branch
322,2019-01-16,66,Other,New Amanda,Online
323,2019-04-10,54,Male,Henrystad,Branch
324,2022-05-15,48,Other,Millerside,Online
325,2018-05-06,35,Male,Mosesshire,Online
326,2020-07-28,58,Female,Jaimechester,Branch
327,2023-05-31,48,Female,South Brandonland,Online
328,2021-08-12,39,Female,Kristenberg,Branch
329,2022-07-14,28,Female,Mitchellberg,Online
330,2018-02-17,62,Female,Caitlinport,Online
331,2020-01-30,60,Female,South Angelicaville,Branch
332,2021-12-19,47,Male,Port George,Online
333,2023-12-24,34,Female,Port Donna,Branch
334,2022-12-09,67,Female,Michelleburgh,Branch
335,2019-12-20,60,Other,Lopezmouth,Online
336,2022-07-23,44,Male,Sharonfurt,Branch
337,2023-08-09,51,Female,Lake Tommy,Online
338,2020-08-10,58,Female,Chambersfort,Branch
339,2019-07-01,31,Female,Norrisfort,Branch
340,2022-12-16,36,Female,Banksport,Online
341,2019-05-09,25,Male,Keithside,Branch
342,2023-03-29,63,Male,Loritown,Online
343,2022-01-15,53,Male,North Wendyville,Online
344,2024-08-01,23,Male,West Deannaberg,Branch
345,2020-04-22,47,Male,Sharonburgh,Branch
346,2024-10-22,49,Other,Lake Barbaraton,Online
347,2022-01-22,50,Other,Wrightland,Online
348,2023-02-12,44,Female,Emilyshire,Online
349,2023-07-23,33,Female,East Beth,Branch
350,2020-03-06,42,Male,East Tanyamouth,Branch
351,2021-04-12,22,Female,Juanland,Online
352,2020-08-04,39,Other,Port Michelletown,Online
353,2023-03-04,70,Male,Weststad,Online
354,2020-08-10,64,Female,West Monica,Online
355,2020-11-05,27,Female,Kathrynchester,Online
356,2024-08-21,40,Female,South Matthew,Online
357,2019-11-19,47,Female,Palmerland,Branch
358,2021-08-22,62,Male,Jacobsonton,Online
359,2021-01-24,32,Female,Morganborough,Branch
360,2020-11-18,38,Other,Nathanside,Online
361,2018-03-05,63,Female,Williemouth,Online
362,2020-09-25,60,Other,Samanthaborough,Branch
363,2020-10-18,49,Male,West Kurttown,Branch
364,2022-07-21,50,Other,Theresaville,Online
365,2019-05-11,24,Female,New Jeffreyport,Branch
366,2022-03-29,51,Female,South Sarah,Branch
367,2023-08-04,64,Male,South Briannatown,Online
368,2022-02-21,59,Male,Lauraborough,Branch
369,2020-02-26,48,Female,New Alexisburgh,Online
370,2020-01-28,57,Other,Lake Ericfurt,Online
371,2020-03-17,59,Male,Laurenton,Online
372,2023-09-20,61,Other,New Austin,Online
373,2021-04-19,38,Other,Lake James,Online
374,2024-01-23,52,Male,Port Josephview,Branch
375,2022-01-09,33,Other,Christophershire,Online
376,2023-08-01,32,Other,West Dennismouth,Branch
377,2022-12-24,45,Male,Lake Benjamin,Branch
378,2024-10-15,46,Male,Tranmouth,Online
379,2022-03-09,19,Male,Port Robertmouth,Online
380,2022-01-18,68,Male,New Jeremybury,Online
381,2021-12-29,40,Female,South Kristinton,Online
382,2020-07-25,27,Male,Williamberg,Online
383,2018-05-31,54,Other,Baileyside,Branch
384,2019-12-30,28,Male,South Rhonda,Branch
385,2023-03-12,57,Female,Davisport,Branch
386,2023-02-09,49,Other,North Alicia,Branch
387,2023-04-19,32,Female,Port Deborahfurt,Online
388,2022-01-06,47,Female,Kelleymouth,Branch
389,2021-02-18,69,Female,Deborahshire,Online
390,2018-05-01,61,Other,Alisontown,Branch
391,2024-08-27,22,Female,Lake Dana,Online
392,2021-06-29,55,Female,East Tyler,Online
393,2021-08-03,62,Female,West Kennethfort,Online
394,2019-06-22,37,Male,Margaretton,Online
395,2019-08-09,48,Male,New Brad,Branch
396,2024-12-05,42,Other,South Mallory,Online
397,2024-01-27,54,Female,Lake James,Online
398,2024-12-10,19,Other,Port Barbara,Online
399,2018-08-10,35,Male,New Carrieburgh,Branch
400,2023-03-14,56,Other,Erikview,Online
401,2022-09-15,36,Male,New Alicia,Online
402,2021-09-17,32,Other,East Shelley,Branch
403,2021-02-01,57,Female,Port Heatherberg,Branch
404,2019-01-29,58,Male,Kaitlynton,Branch
405,2022-09-13,37,Female,New Kimberlyhaven,Branch
406,2023-10-19,55,Female,West Andrealand,Branch
407,2023-02-24,23,Female,South Adammouth,Online
408,2022-09-13,65,Female,West Toddfort,Branch
409,2023-03-02,30,Male,Ronaldchester,Online
410,2019-08-30,51,Other,Lake Alex,Online
411,2023-06-22,28,Female,West Jennifermouth,Online
412,2023-04-16,69,Female,Port Annemouth,Online
413,2022-02-26,69,Male,Port Melissaburgh,Online
414,2023-02-01,22,Male,Lake Kyle,Branch
415,2019-03-07,61,Other,East Christopherchester,Online
416,2019-06-17,69,Other,Matthewton,Online
417,2023-01-17,23,Female,New Teresa,Branch
418,2018-08-04,34,Other,North John,Branch
419,2018-12-15,47,Female,Robertbury,Online
420,2018-03-09,55,Female,South Rebecca,Online
421,2018-10-24,24,Other,East Allenmouth,Branch
422,2018-11-01,48,Male,Kathleenburgh,Online
423,2023-04-08,57,Male,Hendersonshire,Branch
424,2019-08-30,58,Female,West Davidberg,Online
425,2018-09-30,59,Female,Port Elizabethfort,Branch
426,2021-08-04,26,Male,Port Samantha,Branch
427,2022-04-06,37,Female,West Nicholastown,Branch
428,2023-11-27,24,Male,Elliotttown,Branch
429,2021-12-25,42,Female,Port Suzanneville,Online
430,2023-12-22,60,Other,New Jameston,Online
431,2019-09-01,55,Other,Port Michael,Branch
432,2020-11-26,44,Other,Huffmanburgh,Branch
433,2024-08-12,49,Other,New Margaret,Online
434,2018-04-01,35,Male,Port Michaelberg,Online
435,2018-10-08,31,Female,Vargaston,Online
436,2021-08-03,33,Female,Melanieport,Branch
437,2022-04-02,61,Female,Laraborough,Online
438,2022-05-17,21,Female,Port Breannafort,Online
439,2018-03-29,30,Male,Munozfurt,Online
440,2020-07-19,23,Other,Jamesmouth,Branch
441,2020-12-23,59,Other,New Ashleymouth,Branch
442,2023-03-14,21,Female,North David,Branch
443,2021-08-23,26,Other,Jonathanview,Branch
444,2021-02-26,22,Other,Cunninghamstad,Branch
445,2021-09-01,55,Male,Hensleyborough,Branch
446,2021-03-02,39,Male,Lake Christopher,Branch
447,2018-04-15,35,Male,Port Brendatown,Branch
448,2023-06-01,52,Female,East Karachester,Branch
449,2021-02-02,25,Other,North Scott,Branch
450,2024-07-12,26,Male,West Alexis,Online
451,2023-07-08,68,Male,Ericaland,Online
452,2023-11-11,19,Male,East Caroline,Online
453,2022-03-31,21,Male,Antoniofort,Online
454,2019-07-23,51,Male,Port Lisa,Branch
455,2019-01-20,48,Female,South Randallland,Online
456,2018-05-15,50,Other,West Martinborough,Branch
457,2024-10-01,46,Other,Loriberg,Branch
458,2022-09-13,57,Male,West Ryan,Online
459,2024-10-02,47,Other,North Martinfurt,Branch
460,2020-07-20,21,Female,South Courtney,Online
461,2018-09-03,45,Other,Richardsonport,Branch
462,2023-12-08,49,Other,Justintown,Online
463,2021-08-15,22,Male,Lake Georgeview,Online
464,2023-04-19,56,Male,North Davidmouth,Branch
465,2023-08-16,26,Female,Jonesview,Online
466,2020-10-06,42,Other,East Kenneth,Online
467,2019-09-23,47,Other,Larryburgh,Online
468,2018-11-15,24,Other,Kevinland,Branch
469,2020-11-24,59,Other,Keithburgh,Branch
470,2023-02-26,45,Female,Johnsonborough,Branch
471,2019-10-14,44,Female,Smithville,Online
472,2019-03-24,43,Female,New Ryanmouth,Branch
473,2020-05-16,38,Female,West Tylerberg,Online
474,2021-08-04,60,Female,Sullivanberg,Online
475,2021-04-29,27,Other,Jefferyville,Online
476,2023-05-07,22,Male,West Codyland,Branch
477,2023-04-04,23,Female,Billstad,Branch
478,2021-12-15,65,Other,Lake Ruben,Online
479,2023-05-19,69,Male,Johnnyville,Branch
480,2018-05-25,55,Other,Vaughanville,Online
481,2022-12-31,60,Male,Mooreburgh,Online
482,2018-02-06,40,Other,Sarahburgh,Online
483,2023-08-25,64,Male,Sandraburgh,Online
484,2023-10-09,56,Female,Hendersonchester,Online
485,2020-10-09,24,Other,Lamberttown,Branch
486,2023-09-02,27,Other,Christinemouth,Online
487,2022-06-18,32,Male,Victoriatown,Online
488,2023-09-16,53,Female,Smithborough,Branch
489,2024-12-30,66,Female,East Amanda,Branch
490,2022-08-10,69,Female,Morrowside,Branch
491,2022-09-19,56,Other,South Kennethborough,Online
492,2021-11-26,19,Male,Ambertown,Online
493,2018-05-19,62,Female,Priceview,Online
494,2019-02-04,40,Male,Edwardmouth,Branch
495,2020-12-30,27,Other,Castanedaberg,Online
496,2018-01-13,22,Male,Jameshaven,Branch
497,2024-06-22,23,Other,Alecburgh,Branch
498,2022-10-13,42,Female,East Michael,Online
499,2021-07-26,39,Male,West Derek,Online
500,2024-12-01,37,Other,Meaganland,Online
